"日付","市区町村","全人口","全人口接種1回目","全人口接種2回目","全人口接種率1回目","全人口接種率2回目","高齢者人口","高齢者接種1回目","高齢者接種2回目","高齢者接種率1回目","高齢者接種率2回目"
2021/07/13,（全国）,127138033,33087100,18902260,26.02,14.87,35486339,27812371,17895237,78.37,50.43
2021/07/13,（沖縄県）,1481547,304475,161213,20.55,10.88,323501,242471,145442,74.95,44.96
2021/07/13,那覇市,322011,54164,28756,16.82,8.93,74092,49538,27356,66.86,36.92
2021/07/13,宜野湾市,99678,15598,7530,15.65,7.55,19153,14441,7168,75.40,37.42
2021/07/13,石垣市,49824,16006,9479,32.13,19.02,10655,9142,8952,85.80,84.02
2021/07/13,浦添市,115340,22537,6788,19.54,5.89,22580,16826,6542,74.52,28.97
2021/07/13,名護市,63389,14566,8308,22.98,13.11,13988,11471,7978,82.01,57.03
2021/07/13,糸満市,62191,11780,4215,18.94,6.78,12989,9658,3826,74.36,29.46
2021/07/13,沖縄市,142634,24110,11138,16.90,7.81,28810,21438,10752,74.41,37.32
2021/07/13,豊見城市,64953,11256,3329,17.33,5.13,12081,9148,3172,75.72,26.26
2021/07/13,うるま市,124457,19337,9908,15.54,7.96,27461,17760,9513,64.67,34.64
2021/07/13,宮古島市,55434,18479,14490,33.34,26.14,14280,12132,11137,84.96,77.99
2021/07/13,南城市,44245,10891,7514,24.62,16.98,11154,9160,7235,82.12,64.86
2021/07/13,国頭村,4673,1565,709,33.49,15.17,1622,1371,678,84.53,41.80
2021/07/13,大宜味村,3067,1400,732,45.65,23.87,1162,1005,698,86.49,60.07
2021/07/13,東村,1764,632,488,35.83,27.66,613,567,471,92.50,76.84
2021/07/13,今帰仁村,9360,2728,1353,29.15,14.46,3020,2283,1211,75.60,40.10
2021/07/13,本部町,13191,3550,1472,26.91,11.16,4056,3068,1289,75.64,31.78
2021/07/13,恩納村,11064,3599,2023,32.53,18.28,2638,2317,1862,87.83,70.58
2021/07/13,宜野座村,6106,2109,643,34.54,10.53,1461,1147,585,78.51,40.04
2021/07/13,金武町,11455,3057,1304,26.69,11.38,3018,2389,1080,79.16,35.79
2021/07/13,伊江村,4524,1731,1566,38.26,34.62,1480,1298,1248,87.70,84.32
2021/07/13,読谷村,41481,10161,4841,24.50,11.67,8879,6700,4410,75.46,49.67
2021/07/13,嘉手納町,13524,2787,1693,20.61,12.52,3226,2512,1633,77.87,50.62
2021/07/13,北谷町,28912,5102,2958,17.65,10.23,5784,4546,2824,78.60,48.82
2021/07/13,北中城村,17510,3773,1532,21.55,8.75,3849,3030,1487,78.72,38.63
2021/07/13,中城村,21762,5576,3426,25.62,15.74,4107,3615,3107,88.02,75.65
2021/07/13,西原町,35451,8700,5607,24.54,15.82,7425,6311,4749,85.00,63.96
2021/07/13,与那原町,19982,4504,2961,22.54,14.82,3946,3253,2632,82.44,66.70
2021/07/13,南風原町,39909,6574,3454,16.47,8.65,7262,5498,3290,75.71,45.30
2021/07/13,渡嘉敷村,711,464,425,65.26,59.77,157,154,146,98.09,92.99
2021/07/13,座間味村,914,566,543,61.93,59.41,213,185,176,86.85,82.63
2021/07/13,粟国村,696,479,263,68.82,37.79,257,227,216,88.33,84.05
2021/07/13,渡名喜村,356,242,226,67.98,63.48,157,124,111,78.98,70.70
2021/07/13,南大東村,1262,916,897,72.58,71.08,301,277,270,92.03,89.70
2021/07/13,北大東村,589,412,378,69.95,64.18,121,113,108,93.39,89.26
2021/07/13,伊平屋村,1231,828,616,67.26,50.04,347,337,325,97.12,93.66
2021/07/13,伊是名村,1408,849,832,60.30,59.09,431,377,368,87.47,85.38
2021/07/13,久米島町,7772,3944,2490,50.75,32.04,2298,2070,2005,90.08,87.25
2021/07/13,八重瀬町,31537,6460,3762,20.48,11.93,6727,5507,3608,81.86,53.63
2021/07/13,多良間村,1122,745,735,66.40,65.51,336,322,316,95.83,94.05
2021/07/13,竹富町,4342,1822,1383,41.96,31.85,988,866,645,87.65,65.28
2021/07/13,与那国町,1716,476,446,27.74,25.99,377,288,263,76.39,69.76
2021/07/14,（全国）,127138033,33841736,19613746,26.62,15.43,35486339,28134893,18537353,79.28,52.24
2021/07/14,（沖縄県）,1481547,312142,166685,21.07,11.25,323501,244817,150398,75.68,46.49
2021/07/14,那覇市,322011,55557,30707,17.25,9.54,74092,50131,29209,67.66,39.42
2021/07/14,宜野湾市,99678,15885,7959,15.94,7.98,19153,14699,7578,76.75,39.57
2021/07/14,石垣市,49824,16844,9514,33.81,19.10,10655,9159,8972,85.96,84.20
2021/07/14,浦添市,115340,23001,7667,19.94,6.65,22580,16930,7407,74.98,32.80
2021/07/14,名護市,63389,15037,8688,23.72,13.71,13988,11566,8331,82.69,59.56
2021/07/14,糸満市,62191,11985,4264,19.27,6.86,12989,9810,3863,75.53,29.74
2021/07/14,沖縄市,142634,24484,11185,17.17,7.84,28810,21488,10789,74.59,37.45
2021/07/14,豊見城市,64953,11343,3405,17.46,5.24,12081,9192,3236,76.09,26.79
2021/07/14,うるま市,124457,20936,10216,16.82,8.21,27461,18272,9814,66.54,35.74
2021/07/14,宮古島市,55434,18993,14729,34.26,26.57,14280,12164,11282,85.18,79.01
2021/07/14,南城市,44245,11160,7678,25.22,17.35,11154,9195,7383,82.44,66.19
2021/07/14,国頭村,4673,1570,712,33.60,15.24,1622,1373,681,84.65,41.99
2021/07/14,大宜味村,3067,1419,735,46.27,23.96,1162,1008,702,86.75,60.41
2021/07/14,東村,1764,649,600,36.79,34.01,613,571,554,93.15,90.38
2021/07/14,今帰仁村,9360,2730,1357,29.17,14.50,3020,2284,1214,75.63,40.20
2021/07/14,本部町,13191,3568,1537,27.05,11.65,4056,3076,1350,75.84,33.28
2021/07/14,恩納村,11064,3612,2028,32.65,18.33,2638,2319,1862,87.91,70.58
2021/07/14,宜野座村,6106,2110,644,34.56,10.55,1461,1148,585,78.58,40.04
2021/07/14,金武町,11455,3081,1587,26.90,13.85,3018,2390,1312,79.19,43.47
2021/07/14,伊江村,4524,1732,1566,38.28,34.62,1480,1300,1249,87.84,84.39
2021/07/14,読谷村,41481,10366,4864,24.99,11.73,8879,6774,4419,76.29,49.77
2021/07/14,嘉手納町,13524,2790,1697,20.63,12.55,3226,2514,1639,77.93,50.81
2021/07/14,北谷町,28912,5181,2985,17.92,10.32,5784,4603,2846,79.58,49.20
2021/07/14,北中城村,17510,3798,1598,21.69,9.13,3849,3031,1543,78.75,40.09
2021/07/14,中城村,21762,5752,3440,26.43,15.81,4107,3616,3116,88.04,75.87
2021/07/14,西原町,35451,8816,5758,24.87,16.24,7425,6354,4854,85.58,65.37
2021/07/14,与那原町,19982,4637,3038,23.21,15.20,3946,3258,2694,82.56,68.27
2021/07/14,南風原町,39909,6852,3494,17.17,8.75,7262,5723,3323,78.81,45.76
2021/07/14,渡嘉敷村,711,464,425,65.26,59.77,157,154,146,98.09,92.99
2021/07/14,座間味村,914,566,543,61.93,59.41,213,185,176,86.85,82.63
2021/07/14,粟国村,696,479,263,68.82,37.79,257,227,216,88.33,84.05
2021/07/14,渡名喜村,356,242,228,67.98,64.04,157,124,113,78.98,71.97
2021/07/14,南大東村,1262,916,897,72.58,71.08,301,277,270,92.03,89.70
2021/07/14,北大東村,589,412,378,69.95,64.18,121,113,108,93.39,89.26
2021/07/14,伊平屋村,1231,828,616,67.26,50.04,347,337,325,97.12,93.66
2021/07/14,伊是名村,1408,849,834,60.30,59.23,431,377,370,87.47,85.85
2021/07/14,久米島町,7772,3946,2492,50.77,32.06,2298,2070,2007,90.08,87.34
2021/07/14,八重瀬町,31537,6506,3788,20.63,12.01,6727,5528,3634,82.18,54.02
2021/07/14,多良間村,1122,747,735,66.58,65.51,336,322,316,95.83,94.05
2021/07/14,竹富町,4342,1823,1386,41.99,31.92,988,867,645,87.75,65.28
2021/07/14,与那国町,1716,476,448,27.74,26.11,377,288,265,76.39,70.29
2021/07/19,（全国）,127138033,37111110,22849539,29.19,17.97,35486339,29211153,21289629,82.32,59.99
2021/07/19,（沖縄県）,1481547,347110,199528,23.43,13.47,323501,252476,178299,78.04,55.12
2021/07/19,那覇市,322011,64632,36190,20.07,11.24,74092,52577,34199,70.96,46.16
2021/07/19,宜野湾市,99678,16444,10045,16.50,10.08,19153,15013,9542,78.38,49.82
2021/07/19,石垣市,49824,20510,10180,41.16,20.43,10655,9219,9142,86.52,85.80
2021/07/19,浦添市,115340,26894,12424,23.32,10.77,22580,17377,11817,76.96,52.33
2021/07/19,名護市,63389,15672,10007,24.72,15.79,13988,11722,9569,83.80,68.41
2021/07/19,糸満市,62191,12872,6413,20.70,10.31,12989,10154,5846,78.17,45.01
2021/07/19,沖縄市,142634,26713,16180,18.73,11.34,28810,22912,15097,79.53,52.40
2021/07/19,豊見城市,64953,12339,5754,19.00,8.86,12081,9478,5405,78.45,44.74
2021/07/19,うるま市,124457,22901,11421,18.40,9.18,27461,19210,10972,69.95,39.95
2021/07/19,宮古島市,55434,21072,15331,38.01,27.66,14280,12228,11643,85.63,81.53
2021/07/19,南城市,44245,12684,8307,28.67,18.78,11154,9400,7709,84.27,69.11
2021/07/19,国頭村,4673,1582,725,33.85,15.51,1622,1376,693,84.83,42.73
2021/07/19,大宜味村,3067,1507,1059,49.14,34.53,1162,1017,941,87.52,80.98
2021/07/19,東村,1764,655,601,37.13,34.07,613,573,555,93.47,90.54
2021/07/19,今帰仁村,9360,2778,1739,29.68,18.58,3020,2289,1557,75.79,51.56
2021/07/19,本部町,13191,3628,2168,27.50,16.44,4056,3105,1948,76.55,48.03
2021/07/19,恩納村,11064,3631,2433,32.82,21.99,2638,2323,2135,88.06,80.93
2021/07/19,宜野座村,6106,2450,653,40.12,10.69,1461,1158,589,79.26,40.31
2021/07/19,金武町,11455,3124,2012,27.27,17.56,3018,2396,1663,79.39,55.10
2021/07/19,伊江村,4524,1735,1568,38.35,34.66,1480,1300,1251,87.84,84.53
2021/07/19,読谷村,41481,11482,5046,27.68,12.16,8879,7047,4550,79.37,51.24
2021/07/19,嘉手納町,13524,3150,2250,23.29,16.64,3226,2588,2144,80.22,66.46
2021/07/19,北谷町,28912,5588,3508,19.33,12.13,5784,4745,3319,82.04,57.38
2021/07/19,北中城村,17510,4036,1768,23.05,10.10,3849,3077,1693,79.94,43.99
2021/07/19,中城村,21762,5876,3732,27.00,17.15,4107,3624,3251,88.24,79.16
2021/07/19,西原町,35451,9545,6722,26.92,18.96,7425,6444,5337,86.79,71.88
2021/07/19,与那原町,19982,6331,3290,31.68,16.46,3946,3330,2883,84.39,73.06
2021/07/19,南風原町,39909,7548,4032,18.91,10.10,7262,5831,3795,80.29,52.26
2021/07/19,渡嘉敷村,711,464,427,65.26,60.06,157,154,148,98.09,94.27
2021/07/19,座間味村,914,570,545,62.36,59.63,213,189,178,88.73,83.57
2021/07/19,粟国村,696,482,470,69.25,67.53,257,229,222,89.11,86.38
2021/07/19,渡名喜村,356,243,230,68.26,64.61,157,124,115,78.98,73.25
2021/07/19,南大東村,1262,920,905,72.90,71.71,301,281,274,93.36,91.03
2021/07/19,北大東村,589,413,409,70.12,69.44,121,114,109,94.21,90.08
2021/07/19,伊平屋村,1231,828,618,67.26,50.20,347,337,326,97.12,93.95
2021/07/19,伊是名村,1408,850,835,60.37,59.30,431,377,371,87.47,86.08
2021/07/19,久米島町,7772,5049,2520,64.96,32.42,2298,2086,2019,90.77,87.86
2021/07/19,八重瀬町,31537,6855,4133,21.74,13.11,6727,5592,3943,83.13,58.61
2021/07/19,多良間村,1122,749,736,66.76,65.60,336,323,317,96.13,94.35
2021/07/19,竹富町,4342,1829,1692,42.12,38.97,988,868,765,87.85,77.43
2021/07/19,与那国町,1716,479,450,27.91,26.22,377,289,267,76.66,70.82
2021/07/20,（全国）,127138033,38133442,23803270,29.99,18.72,35486339,29504236,22026287,83.14,62.07
2021/07/20,（沖縄県）,1481547,354418,204243,23.92,13.79,323501,254551,181840,78.69,56.21
2021/07/20,那覇市,322011,66121,36945,20.53,11.47,74092,53173,34901,71.77,47.10
2021/07/20,宜野湾市,99678,16567,10243,16.62,10.28,19153,15081,9724,78.74,50.77
2021/07/20,石垣市,49824,20991,10689,42.13,21.45,10655,9222,9152,86.55,85.89
2021/07/20,浦添市,115340,27066,12963,23.47,11.24,22580,17445,12290,77.26,54.43
2021/07/20,名護市,63389,16065,10170,25.34,16.04,13988,11758,9707,84.06,69.40
2021/07/20,糸満市,62191,12952,7179,20.83,11.54,12989,10182,6598,78.39,50.80
2021/07/20,沖縄市,142634,26741,16195,18.75,11.35,28810,22927,15109,79.58,52.44
2021/07/20,豊見城市,64953,12686,5859,19.53,9.02,12081,9695,5490,80.25,45.44
2021/07/20,うるま市,124457,24188,11660,19.43,9.37,27461,20044,11202,72.99,40.79
2021/07/20,宮古島市,55434,22588,15516,40.75,27.99,14280,12259,11720,85.85,82.07
2021/07/20,南城市,44245,12841,8356,29.02,18.89,11154,9420,7736,84.45,69.36
2021/07/20,国頭村,4673,1582,729,33.85,15.60,1622,1376,696,84.83,42.91
2021/07/20,大宜味村,3067,1508,1102,49.17,35.93,1162,1017,946,87.52,81.41
2021/07/20,東村,1764,656,603,37.19,34.18,613,573,557,93.47,90.86
2021/07/20,今帰仁村,9360,2779,1747,29.69,18.66,3020,2289,1563,75.79,51.75
2021/07/20,本部町,13191,3646,2173,27.64,16.47,4056,3110,1952,76.68,48.13
2021/07/20,恩納村,11064,3775,2544,34.12,22.99,2638,2329,2217,88.29,84.04
2021/07/20,宜野座村,6106,2554,691,41.83,11.32,1461,1168,610,79.95,41.75
2021/07/20,金武町,11455,3134,2107,27.36,18.39,3018,2400,1749,79.52,57.95
2021/07/20,伊江村,4524,1789,1575,39.54,34.81,1480,1306,1253,88.24,84.66
2021/07/20,読谷村,41481,11513,5093,27.75,12.28,8879,7068,4582,79.60,51.60
2021/07/20,嘉手納町,13524,3151,2251,23.30,16.64,3226,2587,2144,80.19,66.46
2021/07/20,北谷町,28912,5618,3542,19.43,12.25,5784,4762,3351,82.33,57.94
2021/07/20,北中城村,17510,4095,1776,23.39,10.14,3849,3105,1699,80.67,44.14
2021/07/20,中城村,21762,5885,3823,27.04,17.57,4107,3624,3254,88.24,79.23
2021/07/20,西原町,35451,9593,6884,27.06,19.42,7425,6459,5462,86.99,73.56
2021/07/20,与那原町,19982,6700,3399,33.53,17.01,3946,3343,2958,84.72,74.96
2021/07/20,南風原町,39909,7747,4165,19.41,10.44,7262,5852,3906,80.58,53.79
2021/07/20,渡嘉敷村,711,464,427,65.26,60.06,157,154,148,98.09,94.27
2021/07/20,座間味村,914,570,545,62.36,59.63,213,189,178,88.73,83.57
2021/07/20,粟国村,696,482,470,69.25,67.53,257,229,222,89.11,86.38
2021/07/20,渡名喜村,356,243,231,68.26,64.89,157,124,116,78.98,73.89
2021/07/20,南大東村,1262,920,907,72.90,71.87,301,281,276,93.36,91.69
2021/07/20,北大東村,589,413,409,70.12,69.44,121,114,109,94.21,90.08
2021/07/20,伊平屋村,1231,834,618,67.75,50.20,347,337,326,97.12,93.95
2021/07/20,伊是名村,1408,850,835,60.37,59.30,431,377,371,87.47,86.08
2021/07/20,久米島町,7772,5089,2554,65.48,32.86,2298,2089,2032,90.91,88.42
2021/07/20,八重瀬町,31537,6963,4386,22.08,13.91,6727,5602,4184,83.28,62.20
2021/07/20,多良間村,1122,749,737,66.76,65.69,336,323,317,96.13,94.35
2021/07/20,竹富町,4342,1830,1695,42.15,39.04,988,869,766,87.96,77.53
2021/07/20,与那国町,1716,480,450,27.97,26.22,377,289,267,76.66,70.82
2021/07/25,（全国）,127138033,39793156,25852731,31.30,20.33,35486339,29884555,23530221,84.21,66.31
2021/07/25,（沖縄県）,1481547,372808,225184,25.16,15.20,323501,258340,198321,79.86,61.30
2021/07/25,那覇市,322011,71303,42919,22.14,13.33,74092,54547,40320,73.62,54.42
2021/07/25,宜野湾市,99678,17028,11344,17.08,11.38,19153,15139,10756,79.04,56.16
2021/07/25,石垣市,49824,22540,11924,45.24,23.93,10655,9268,9265,86.98,86.95
2021/07/25,浦添市,115340,29000,14620,25.14,12.68,22580,17550,13759,77.72,60.93
2021/07/25,名護市,63389,16259,11072,25.65,17.47,13988,11803,10109,84.38,72.27
2021/07/25,糸満市,62191,13280,8060,21.35,12.96,12989,10270,7300,79.07,56.20
2021/07/25,沖縄市,142634,27983,16917,19.62,11.86,28810,23149,15702,80.35,54.50
2021/07/25,豊見城市,64953,13487,7595,20.76,11.69,12081,9829,6844,81.36,56.65
2021/07/25,うるま市,124457,25483,12930,20.48,10.39,27461,20640,12400,75.16,45.15
2021/07/25,宮古島市,55434,23145,15758,41.75,28.43,14280,12279,11761,85.99,82.36
2021/07/25,南城市,44245,13197,8567,29.83,19.36,11154,9492,7819,85.10,70.10
2021/07/25,国頭村,4673,1650,755,35.31,16.16,1622,1396,707,86.07,43.59
2021/07/25,大宜味村,3067,1550,1151,50.54,37.53,1162,1018,955,87.61,82.19
2021/07/25,東村,1764,1130,616,64.06,34.92,613,577,563,94.13,91.84
2021/07/25,今帰仁村,9360,3107,1825,33.19,19.50,3020,2577,1575,85.33,52.15
2021/07/25,本部町,13191,3681,2645,27.91,20.05,4056,3118,2398,76.87,59.12
2021/07/25,恩納村,11064,4303,2562,38.89,23.16,2638,2334,2225,88.48,84.34
2021/07/25,宜野座村,6106,2564,695,41.99,11.38,1461,1170,612,80.08,41.89
2021/07/25,金武町,11455,3202,2730,27.95,23.83,3018,2408,2232,79.79,73.96
2021/07/25,伊江村,4524,1793,1576,39.63,34.84,1480,1309,1255,88.45,84.80
2021/07/25,読谷村,41481,11542,5131,27.82,12.37,8879,7073,4601,79.66,51.82
2021/07/25,嘉手納町,13524,3538,2620,26.16,19.37,3226,2604,2400,80.72,74.40
2021/07/25,北谷町,28912,5866,4110,20.29,14.22,5784,4789,3847,82.80,66.51
2021/07/25,北中城村,17510,4645,2660,26.53,15.19,3849,3177,2501,82.54,64.98
2021/07/25,中城村,21762,5913,3889,27.17,17.87,4107,3626,3263,88.29,79.45
2021/07/25,西原町,35451,9910,7133,27.95,20.12,7425,6494,5628,87.46,75.80
2021/07/25,与那原町,19982,6891,3455,34.49,17.29,3946,3352,2979,84.95,75.49
2021/07/25,南風原町,39909,8394,5394,21.03,13.52,7262,6234,5032,85.84,69.29
2021/07/25,渡嘉敷村,711,469,456,65.96,64.14,157,154,151,98.09,96.18
2021/07/25,座間味村,914,570,545,62.36,59.63,213,190,179,89.20,84.04
2021/07/25,粟国村,696,482,470,69.25,67.53,257,229,222,89.11,86.38
2021/07/25,渡名喜村,356,243,231,68.26,64.89,157,124,116,78.98,73.89
2021/07/25,南大東村,1262,921,907,72.98,71.87,301,283,277,94.02,92.03
2021/07/25,北大東村,589,413,410,70.12,69.61,121,114,110,94.21,90.91
2021/07/25,伊平屋村,1231,835,618,67.83,50.20,347,338,326,97.41,93.95
2021/07/25,伊是名村,1408,850,838,60.37,59.52,431,377,373,87.47,86.54
2021/07/25,久米島町,7772,5379,2571,69.21,33.08,2298,2094,2042,91.12,88.86
2021/07/25,八重瀬町,31537,7198,4599,22.82,14.58,6727,5731,4362,85.19,64.84
2021/07/25,多良間村,1122,750,739,66.84,65.86,336,324,319,96.43,94.94
2021/07/25,竹富町,4342,1832,1696,42.19,39.06,988,870,768,88.06,77.73
2021/07/25,与那国町,1716,482,451,28.09,26.28,377,290,268,76.92,71.09
2021/07/27,（全国）,127138033,41091427,27735799,32.32,21.82,35486339,30146315,24835699,84.95,69.99
2021/07/27,（沖縄県）,1481547,387399,242675,26.15,16.38,323501,261653,210896,80.88,65.19
2021/07/27,那覇市,322011,74384,45202,23.10,14.04,74092,55859,42323,75.39,57.12
2021/07/27,宜野湾市,99678,17475,12624,17.53,12.66,19153,15193,11927,79.32,62.27
2021/07/27,石垣市,49824,23396,12298,46.96,24.68,10655,9292,9365,87.21,87.89
2021/07/27,浦添市,115340,31633,16568,27.43,14.36,22580,17875,15008,79.16,66.47
2021/07/27,名護市,63389,16647,11470,26.26,18.09,13988,11853,10449,84.74,74.70
2021/07/27,糸満市,62191,13598,9261,21.86,14.89,12989,10299,8259,79.29,63.58
2021/07/27,沖縄市,142634,28979,18493,20.32,12.97,28810,23432,16850,81.33,58.49
2021/07/27,豊見城市,64953,13795,7957,21.24,12.25,12081,9909,7150,82.02,59.18
2021/07/27,うるま市,124457,26458,14513,21.26,11.66,27461,21180,13878,77.13,50.54
2021/07/27,宮古島市,55434,24157,16330,43.58,29.46,14280,12346,11938,86.46,83.60
2021/07/27,南城市,44245,14161,9467,32.01,21.40,11154,9542,8447,85.55,75.73
2021/07/27,国頭村,4673,1636,766,35.01,16.39,1622,1399,710,86.25,43.77
2021/07/27,大宜味村,3067,1568,1211,51.12,39.48,1162,1019,974,87.69,83.82
2021/07/27,東村,1764,1153,616,65.36,34.92,613,577,563,94.13,91.84
2021/07/27,今帰仁村,9360,3115,1832,33.28,19.57,3020,2579,1579,85.40,52.28
2021/07/27,本部町,13191,4270,2898,32.37,21.97,4056,3450,2500,85.06,61.64
2021/07/27,恩納村,11064,4487,2632,40.55,23.79,2638,2338,2244,88.63,85.06
2021/07/27,宜野座村,6106,2572,1054,42.12,17.26,1461,1171,908,80.15,62.15
2021/07/27,金武町,11455,3220,2872,28.11,25.07,3018,2408,2315,79.79,76.71
2021/07/27,伊江村,4524,1803,1642,39.85,36.30,1480,1311,1269,88.58,85.74
2021/07/27,読谷村,41481,11992,5667,28.91,13.66,8879,7093,5070,79.89,57.10
2021/07/27,嘉手納町,13524,3546,2640,26.22,19.52,3226,2604,2412,80.72,74.77
2021/07/27,北谷町,28912,6010,4231,20.79,14.63,5784,4794,3935,82.88,68.03
2021/07/27,北中城村,17510,4918,2725,28.09,15.56,3849,3196,2538,83.03,65.94
2021/07/27,中城村,21762,6052,4834,27.81,22.21,4107,3630,3479,88.39,84.71
2021/07/27,西原町,35451,9903,7498,27.93,21.15,7425,6508,5859,87.65,78.91
2021/07/27,与那原町,19982,6979,3730,34.93,18.67,3946,3356,3083,85.05,78.13
2021/07/27,南風原町,39909,8708,6120,21.82,15.33,7262,6272,5614,86.37,77.31
2021/07/27,渡嘉敷村,711,479,457,67.37,64.28,157,154,151,98.09,96.18
2021/07/27,座間味村,914,572,545,62.58,59.63,213,191,179,89.67,84.04
2021/07/27,粟国村,696,484,472,69.54,67.82,257,230,223,89.49,86.77
2021/07/27,渡名喜村,356,245,233,68.82,65.45,157,126,118,80.25,75.16
2021/07/27,南大東村,1262,925,909,73.30,72.03,301,284,277,94.35,92.03
2021/07/27,北大東村,589,413,410,70.12,69.61,121,114,110,94.21,90.91
2021/07/27,伊平屋村,1231,840,619,68.24,50.28,347,338,327,97.41,94.24
2021/07/27,伊是名村,1408,850,838,60.37,59.52,431,377,373,87.47,86.54
2021/07/27,久米島町,7772,5409,2600,69.60,33.45,2298,2099,2053,91.34,89.34
2021/07/27,八重瀬町,31537,7334,5471,23.26,17.35,6727,5768,5082,85.74,75.55
2021/07/27,多良間村,1122,750,739,66.84,65.86,336,324,319,96.43,94.94
2021/07/27,竹富町,4342,1832,1703,42.19,39.22,988,870,770,88.06,77.94
2021/07/27,与那国町,1716,651,528,37.94,30.77,377,293,268,77.72,71.09
2021/08/04,（全国）,127138033,46192613,33848367,36.33,26.62,35486339,30906100,28119129,87.09,79.24
2021/08/04,（沖縄県）,1481547,442722,304469,29.88,20.55,323501,268957,241754,83.14,74.73
2021/08/04,那覇市,322011,91604,57443,28.45,17.84,74092,59084,50084,79.74,67.60
2021/08/04,宜野湾市,99678,19954,15841,20.02,15.89,19153,15414,14612,80.48,76.29
2021/08/04,石垣市,49824,25338,16935,50.86,33.99,10655,9367,9529,87.91,89.43
2021/08/04,浦添市,115340,34638,20862,30.03,18.09,22580,18266,16841,80.89,74.58
2021/08/04,名護市,63389,17611,14681,27.78,23.16,13988,11974,11398,85.60,81.48
2021/08/04,糸満市,62191,14959,11595,24.05,18.64,12989,10499,9564,80.83,73.63
2021/08/04,沖縄市,142634,33502,22616,23.49,15.86,28810,23933,19810,83.07,68.76
2021/08/04,豊見城市,64953,15410,11262,23.72,17.34,12081,10139,9515,83.93,78.76
2021/08/04,うるま市,124457,31389,19074,25.22,15.33,27461,22185,17482,80.79,63.66
2021/08/04,宮古島市,55434,28150,18423,50.78,33.23,14280,12505,12102,87.57,84.75
2021/08/04,南城市,44245,15657,10982,35.39,24.82,11154,9681,9237,86.79,82.81
2021/08/04,国頭村,4673,1652,1565,35.35,33.49,1622,1404,1364,86.56,84.09
2021/08/04,大宜味村,3067,1769,1350,57.68,44.02,1162,1031,993,88.73,85.46
2021/08/04,東村,1764,1154,627,65.42,35.54,613,580,568,94.62,92.66
2021/08/04,今帰仁村,9360,3175,2586,33.92,27.63,3020,2591,2247,85.79,74.40
2021/08/04,本部町,13191,4625,3435,35.06,26.04,4056,3482,2939,85.85,72.46
2021/08/04,恩納村,11064,4925,3474,44.51,31.40,2638,2344,2289,88.86,86.77
2021/08/04,宜野座村,6106,1212,1187,19.85,19.44,1461,1173,1149,80.29,78.64
2021/08/04,金武町,11455,3875,3086,33.83,26.94,3018,2492,2442,82.57,80.91
2021/08/04,伊江村,4524,1815,1702,40.12,37.62,1480,1332,1299,90.00,87.77
2021/08/04,読谷村,41481,13311,9758,32.09,23.52,8879,7252,6534,81.68,73.59
2021/08/04,嘉手納町,13524,4253,2784,31.45,20.59,3226,2644,2469,81.96,76.53
2021/08/04,北谷町,28912,7163,4803,24.78,16.61,5784,4876,4340,84.30,75.03
2021/08/04,北中城村,17510,5864,3519,33.49,20.10,3849,3248,2907,84.39,75.53
2021/08/04,中城村,21762,6149,5365,28.26,24.65,4107,3639,3506,88.60,85.37
2021/08/04,西原町,35451,11970,8611,33.76,24.29,7425,6662,6272,89.72,84.47
2021/08/04,与那原町,19982,7500,4514,37.53,22.59,3946,3414,3278,86.52,83.07
2021/08/04,南風原町,39909,9771,6850,24.48,17.16,7262,6408,6022,88.24,82.92
2021/08/04,渡嘉敷村,711,481,476,67.65,66.95,157,155,154,98.73,98.09
2021/08/04,座間味村,914,574,548,62.80,59.96,213,193,183,90.61,85.92
2021/08/04,粟国村,696,485,471,69.68,67.67,257,232,225,90.27,87.55
2021/08/04,渡名喜村,356,244,236,68.54,66.29,157,127,122,80.89,77.71
2021/08/04,南大東村,1262,921,908,72.98,71.95,301,286,280,95.02,93.02
2021/08/04,北大東村,589,413,410,70.12,69.61,121,114,111,94.21,91.74
2021/08/04,伊平屋村,1231,883,807,71.73,65.56,347,339,333,97.69,95.97
2021/08/04,伊是名村,1408,853,839,60.58,59.59,431,381,375,88.40,87.01
2021/08/04,久米島町,7772,5469,3664,70.37,47.14,2298,2118,2072,92.17,90.17
2021/08/04,八重瀬町,31537,8045,6615,25.51,20.98,6727,5901,5661,87.72,84.15
2021/08/04,多良間村,1122,750,741,66.84,66.04,336,326,320,97.02,95.24
2021/08/04,竹富町,4342,1856,1802,42.75,41.50,988,872,856,88.26,86.64
2021/08/04,与那国町,1716,658,627,38.34,36.54,377,298,276,79.05,73.21
2021/08/08,（全国）,127138033,48427760,36143030,38.09,28.43,35486339,31076210,28891390,87.57,81.42
2021/08/08,（沖縄県）,1481547,472245,329014,31.88,22.21,323501,271419,246723,83.90,76.27
2021/08/08,那覇市,322011,99116,63627,30.78,19.76,74092,59750,51789,80.64,69.90
2021/08/08,宜野湾市,99678,22228,16495,22.30,16.55,19153,15620,14919,81.55,77.89
2021/08/08,石垣市,49824,25990,20569,52.16,41.28,10655,9766,9727,91.66,91.29
2021/08/08,浦添市,115340,35803,23011,31.04,19.95,22580,18368,17222,81.35,76.27
2021/08/08,名護市,63389,20412,15989,32.20,25.22,13988,12210,11647,87.29,83.26
2021/08/08,糸満市,62191,15766,11868,25.35,19.08,12989,10622,9689,81.78,74.59
2021/08/08,沖縄市,142634,34072,22962,23.89,16.10,28810,23949,19874,83.13,68.98
2021/08/08,豊見城市,64953,18099,12097,27.86,18.62,12081,10295,9743,85.22,80.65
2021/08/08,うるま市,124457,33326,20413,26.78,16.40,27461,22353,18179,81.40,66.20
2021/08/08,宮古島市,55434,28824,20164,52.00,36.37,14280,12534,12158,87.77,85.14
2021/08/08,南城市,44245,16289,11571,36.82,26.15,11154,9747,9341,87.39,83.75
2021/08/08,国頭村,4673,2343,1584,50.14,33.90,1622,1435,1374,88.47,84.71
2021/08/08,大宜味村,3067,1775,1410,57.87,45.97,1162,1031,996,88.73,85.71
2021/08/08,東村,1764,1158,646,65.65,36.62,613,581,570,94.78,92.99
2021/08/08,今帰仁村,9360,3882,2631,41.47,28.11,3020,2648,2256,87.68,74.70
2021/08/08,本部町,13191,4815,3530,36.50,26.76,4056,3500,3008,86.29,74.16
2021/08/08,恩納村,11064,5250,3604,47.45,32.57,2638,2351,2294,89.12,86.96
2021/08/08,宜野座村,6106,1212,1198,19.85,19.62,1461,1173,1160,80.29,79.40
2021/08/08,金武町,11455,4820,3133,42.08,27.35,3018,2524,2453,83.63,81.28
2021/08/08,伊江村,4524,2972,1707,65.69,37.73,1480,1348,1302,91.08,87.97
2021/08/08,読谷村,41481,14316,10398,34.51,25.07,8879,7288,6761,82.08,76.15
2021/08/08,嘉手納町,13524,4294,3144,31.75,23.25,3226,2647,2547,82.05,78.95
2021/08/08,北谷町,28912,7907,5210,27.35,18.02,5784,4891,4451,84.56,76.95
2021/08/08,北中城村,17510,6011,3698,34.33,21.12,3849,3251,2941,84.46,76.41
2021/08/08,中城村,21762,6210,5436,28.54,24.98,4107,3640,3513,88.63,85.54
2021/08/08,西原町,35451,12069,8825,34.04,24.89,7425,6633,6337,89.33,85.35
2021/08/08,与那原町,19982,7737,5690,38.72,28.48,3946,3429,3321,86.90,84.16
2021/08/08,南風原町,39909,10414,7414,26.09,18.58,7262,6446,6143,88.76,84.59
2021/08/08,渡嘉敷村,711,482,476,67.79,66.95,157,156,154,99.36,98.09
2021/08/08,座間味村,914,574,550,62.80,60.18,213,193,185,90.61,86.85
2021/08/08,粟国村,696,486,471,69.83,67.67,257,233,225,90.66,87.55
2021/08/08,渡名喜村,356,244,237,68.54,66.57,157,127,122,80.89,77.71
2021/08/08,南大東村,1262,923,909,73.14,72.03,301,288,283,95.68,94.02
2021/08/08,北大東村,589,414,410,70.29,69.61,121,114,111,94.21,91.74
2021/08/08,伊平屋村,1231,885,809,71.89,65.72,347,340,334,97.98,96.25
2021/08/08,伊是名村,1408,856,841,60.80,59.73,431,381,375,88.40,87.01
2021/08/08,久米島町,7772,5572,5214,71.69,67.09,2298,2127,2091,92.56,90.99
2021/08/08,八重瀬町,31537,8511,6734,26.99,21.35,6727,5950,5723,88.45,85.08
2021/08/08,多良間村,1122,826,745,73.62,66.40,336,334,321,99.40,95.54
2021/08/08,竹富町,4342,2324,1808,53.52,41.64,988,886,859,89.68,86.94
2021/08/08,与那国町,1716,664,633,38.69,36.89,377,303,280,80.37,74.27
2021/08/10,（全国）,127138033,48676403,36682653,38.29,28.85,35486339,30651480,28722991,86.38,80.94
2021/08/10,（沖縄県）,1481547,485792,342150,32.79,23.09,323501,272422,250863,84.21,77.55
2021/08/10,那覇市,322011,101868,65794,31.63,20.43,74092,59954,52446,80.92,70.78
2021/08/10,宜野湾市,99678,22609,16738,22.68,16.79,19153,15637,15005,81.64,78.34
2021/08/10,石垣市,49824,26527,21267,53.24,42.68,10655,9780,9743,91.79,91.44
2021/08/10,浦添市,115340,37687,23935,32.67,20.75,22580,18530,17366,82.06,76.91
2021/08/10,名護市,63389,20705,16337,32.66,25.77,13988,12228,11692,87.42,83.59
2021/08/10,糸満市,62191,16352,12477,26.29,20.06,12989,10723,10121,82.55,77.92
2021/08/10,沖縄市,142634,36623,25408,25.68,17.81,28810,24065,21668,83.53,75.21
2021/08/10,豊見城市,64953,18505,12343,28.49,19.00,12081,10364,9827,85.79,81.34
2021/08/10,うるま市,124457,34169,21632,27.45,17.38,27461,22419,18737,81.64,68.23
2021/08/10,宮古島市,55434,29794,22331,53.75,40.28,14280,12588,12198,88.15,85.42
2021/08/10,南城市,44245,16617,12655,37.56,28.60,11154,9774,9460,87.63,84.81
2021/08/10,国頭村,4673,2656,1592,56.84,34.07,1622,1448,1376,89.27,84.83
2021/08/10,大宜味村,3067,1781,1423,58.07,46.40,1162,1032,998,88.81,85.89
2021/08/10,東村,1764,1159,647,65.70,36.68,613,581,570,94.78,92.99
2021/08/10,今帰仁村,9360,3887,2635,41.53,28.15,3020,2651,2258,87.78,74.77
2021/08/10,本部町,13191,4823,3557,36.56,26.97,4056,3503,3020,86.37,74.46
2021/08/10,恩納村,11064,5309,3634,47.98,32.85,2638,2353,2297,89.20,87.07
2021/08/10,宜野座村,6106,1242,1198,20.34,19.62,1461,1170,1160,80.08,79.40
2021/08/10,金武町,11455,4905,3153,42.82,27.53,3018,2533,2454,83.93,81.31
2021/08/10,伊江村,4524,2977,1760,65.80,38.90,1480,1346,1308,90.95,88.38
2021/08/10,読谷村,41481,14720,10492,35.49,25.29,8879,7310,6790,82.33,76.47
2021/08/10,嘉手納町,13524,4388,3227,32.45,23.86,3226,2655,2561,82.30,79.39
2021/08/10,北谷町,28912,8209,5345,28.39,18.49,5784,4918,4479,85.03,77.44
2021/08/10,北中城村,17510,6061,3806,34.61,21.74,3849,3253,2954,84.52,76.75
2021/08/10,中城村,21762,6275,5493,28.83,25.24,4107,3648,3520,88.82,85.71
2021/08/10,西原町,35451,12387,8951,34.94,25.25,7425,6654,6367,89.62,85.75
2021/08/10,与那原町,19982,7760,5967,38.83,29.86,3946,3431,3327,86.95,84.31
2021/08/10,南風原町,39909,10635,7518,26.65,18.84,7262,6465,6151,89.03,84.70
2021/08/10,渡嘉敷村,711,482,476,67.79,66.95,157,156,154,99.36,98.09
2021/08/10,座間味村,914,574,551,62.80,60.28,213,193,186,90.61,87.32
2021/08/10,粟国村,696,486,471,69.83,67.67,257,233,225,90.66,87.55
2021/08/10,渡名喜村,356,244,237,68.54,66.57,157,127,122,80.89,77.71
2021/08/10,南大東村,1262,923,910,73.14,72.11,301,288,283,95.68,94.02
2021/08/10,北大東村,589,415,410,70.46,69.61,121,115,111,95.04,91.74
2021/08/10,伊平屋村,1231,890,820,72.30,66.61,347,340,334,97.98,96.25
2021/08/10,伊是名村,1408,856,842,60.80,59.80,431,381,376,88.40,87.24
2021/08/10,久米島町,7772,5565,5210,71.60,67.04,2298,2125,2090,92.47,90.95
2021/08/10,八重瀬町,31537,8736,6786,27.70,21.52,6727,5975,5730,88.82,85.18
2021/08/10,多良間村,1122,828,746,73.80,66.49,336,334,322,99.40,95.83
2021/08/10,竹富町,4342,2381,1820,54.84,41.92,988,887,865,89.78,87.55
2021/08/10,与那国町,1716,666,634,38.81,36.95,377,303,280,80.37,74.27
2021/08/11,（全国）,127138033,50196313,38057680,39.48,29.93,35486339,31208726,29441332,87.95,82.97
2021/08/11,（沖縄県）,1481547,495660,346342,33.46,23.38,323501,273450,251980,84.53,77.89
2021/08/11,那覇市,322011,105401,66790,32.73,20.74,74092,60250,53015,81.32,71.55
2021/08/11,宜野湾市,99678,23475,16860,23.55,16.91,19153,15640,15020,81.66,78.42
2021/08/11,石垣市,49824,26906,21589,54.00,43.33,10655,9791,9751,91.89,91.52
2021/08/11,浦添市,115340,38488,24482,33.37,21.23,22580,18615,17439,82.44,77.23
2021/08/11,名護市,63389,20693,15934,32.64,25.14,13988,12265,11726,87.68,83.83
2021/08/11,糸満市,62191,17083,12667,27.47,20.37,12989,10836,10165,83.42,78.26
2021/08/11,沖縄市,142634,36948,25505,25.90,17.88,28810,24078,21696,83.58,75.31
2021/08/11,豊見城市,64953,18744,12398,28.86,19.09,12081,10421,9840,86.26,81.45
2021/08/11,うるま市,124457,34715,21900,27.89,17.60,27461,22493,18836,81.91,68.59
2021/08/11,宮古島市,55434,30047,22660,54.20,40.88,14280,12602,12230,88.25,85.64
2021/08/11,南城市,44245,16856,12794,38.10,28.92,11154,9915,9522,88.89,85.37
2021/08/11,国頭村,4673,2676,1597,57.27,34.18,1622,1450,1378,89.40,84.96
2021/08/11,大宜味村,3067,1800,1426,58.69,46.49,1162,1034,998,88.98,85.89
2021/08/11,東村,1764,1161,648,65.82,36.73,613,581,570,94.78,92.99
2021/08/11,今帰仁村,9360,3984,2644,42.56,28.25,3020,2658,2258,88.01,74.77
2021/08/11,本部町,13191,4905,3576,37.18,27.11,4056,3507,3023,86.46,74.53
2021/08/11,恩納村,11064,5399,3718,48.80,33.60,2638,2356,2302,89.31,87.26
2021/08/11,宜野座村,6106,2770,2524,45.37,41.34,1461,1171,1161,80.15,79.47
2021/08/11,金武町,11455,4984,3174,43.51,27.71,3018,2539,2459,84.13,81.48
2021/08/11,伊江村,4524,2989,1770,66.07,39.12,1480,1349,1310,91.15,88.51
2021/08/11,読谷村,41481,15325,10709,36.94,25.82,8879,7328,6807,82.53,76.66
2021/08/11,嘉手納町,13524,4408,3207,32.59,23.71,3226,2657,2562,82.36,79.42
2021/08/11,北谷町,28912,8349,5386,28.88,18.63,5784,4921,4486,85.08,77.56
2021/08/11,北中城村,17510,6136,3888,35.04,22.20,3849,3256,2975,84.59,77.29
2021/08/11,中城村,21762,6308,5510,28.99,25.32,4107,3653,3523,88.95,85.78
2021/08/11,西原町,35451,12745,9056,35.95,25.55,7425,6667,6389,89.79,86.05
2021/08/11,与那原町,19982,7797,6280,39.02,31.43,3946,3435,3339,87.05,84.62
2021/08/11,南風原町,39909,10861,7592,27.21,19.02,7262,6480,6157,89.23,84.78
2021/08/11,渡嘉敷村,711,483,474,67.93,66.67,157,157,154,100.00,98.09
2021/08/11,座間味村,914,629,615,68.82,67.29,213,201,196,94.37,92.02
2021/08/11,粟国村,696,489,475,70.26,68.25,257,233,225,90.66,87.55
2021/08/11,渡名喜村,356,267,238,75.00,66.85,157,129,122,82.17,77.71
2021/08/11,南大東村,1262,926,912,73.38,72.27,301,288,283,95.68,94.02
2021/08/11,北大東村,589,415,411,70.46,69.78,121,115,111,95.04,91.74
2021/08/11,伊平屋村,1231,892,821,72.46,66.69,347,340,334,97.98,96.25
2021/08/11,伊是名村,1408,854,840,60.65,59.66,431,378,374,87.70,86.77
2021/08/11,久米島町,7772,5583,5222,71.83,67.19,2298,2128,2092,92.60,91.04
2021/08/11,八重瀬町,31537,9246,6836,29.32,21.68,6727,6052,5749,89.97,85.46
2021/08/11,多良間村,1122,830,749,73.98,66.76,336,334,323,99.40,96.13
2021/08/11,竹富町,4342,2424,1828,55.83,42.10,988,891,868,90.18,87.85
2021/08/11,与那国町,1716,669,637,38.99,37.12,377,305,281,80.90,74.54
2021/08/14,（全国）,127138033,51632599,39289238,40.61,30.90,35486339,31303048,29721660,88.21,83.76
2021/08/14,（沖縄県）,1481547,517878,363597,34.96,24.54,323501,275157,255134,85.06,78.87
2021/08/14,那覇市,322011,110713,72149,34.38,22.41,74092,60697,54208,81.92,73.16
2021/08/14,宜野湾市,99678,24991,17368,25.07,17.42,19153,15729,15082,82.12,78.74
2021/08/14,石垣市,49824,27632,22135,55.46,44.43,10655,9793,9745,91.91,91.46
2021/08/14,浦添市,115340,39950,25715,34.64,22.29,22580,18753,17511,83.05,77.55
2021/08/14,名護市,63389,21044,16018,33.20,25.27,13988,12285,11703,87.83,83.66
2021/08/14,糸満市,62191,17979,13207,28.91,21.24,12989,10960,10247,84.38,78.89
2021/08/14,沖縄市,142634,39220,26511,27.50,18.59,28810,24221,22117,84.07,76.77
2021/08/14,豊見城市,64953,19327,13102,29.76,20.17,12081,10459,9953,86.57,82.39
2021/08/14,うるま市,124457,36161,23170,29.06,18.62,27461,22650,19189,82.48,69.88
2021/08/14,宮古島市,55434,30873,23885,55.69,43.09,14280,12735,12286,89.18,86.04
2021/08/14,南城市,44245,17262,13330,39.01,30.13,11154,9936,9568,89.08,85.78
2021/08/14,国頭村,4673,2684,1608,57.44,34.41,1622,1453,1380,89.58,85.08
2021/08/14,大宜味村,3067,1810,1517,59.02,49.46,1162,1034,1000,88.98,86.06
2021/08/14,東村,1764,1183,1116,67.06,63.27,613,581,572,94.78,93.31
2021/08/14,今帰仁村,9360,4081,2959,43.60,31.61,3020,2667,2543,88.31,84.21
2021/08/14,本部町,13191,5035,3615,38.17,27.41,4056,3520,3033,86.79,74.78
2021/08/14,恩納村,11064,5547,3811,50.14,34.45,2638,2358,2307,89.39,87.45
2021/08/14,宜野座村,6106,2884,2630,47.23,43.07,1461,1245,1229,85.22,84.12
2021/08/14,金武町,11455,5045,3189,44.04,27.84,3018,2543,2460,84.26,81.51
2021/08/14,伊江村,4524,2993,1770,66.16,39.12,1480,1353,1312,91.42,88.65
2021/08/14,読谷村,41481,16148,11296,38.93,27.23,8879,7390,6918,83.23,77.91
2021/08/14,嘉手納町,13524,4444,3617,32.86,26.75,3226,2656,2580,82.33,79.98
2021/08/14,北谷町,28912,9615,5591,33.26,19.34,5784,4937,4503,85.36,77.85
2021/08/14,北中城村,17510,6232,3978,35.59,22.72,3849,3260,2982,84.70,77.47
2021/08/14,中城村,21762,7482,6051,34.38,27.81,4107,3686,3565,89.75,86.80
2021/08/14,西原町,35451,13551,9258,38.22,26.11,7425,6686,6411,90.05,86.34
2021/08/14,与那原町,19982,8199,6776,41.03,33.91,3946,3459,3376,87.66,85.55
2021/08/14,南風原町,39909,11158,7835,27.96,19.63,7262,6517,6180,89.74,85.10
2021/08/14,渡嘉敷村,711,484,475,68.07,66.81,157,158,155,100.64,98.73
2021/08/14,座間味村,914,629,618,68.82,67.61,213,201,197,94.37,92.49
2021/08/14,粟国村,696,489,477,70.26,68.53,257,233,227,90.66,88.33
2021/08/14,渡名喜村,356,267,238,75.00,66.85,157,129,122,82.17,77.71
2021/08/14,南大東村,1262,927,915,73.45,72.50,301,288,285,95.68,94.68
2021/08/14,北大東村,589,416,411,70.63,69.78,121,116,112,95.87,92.56
2021/08/14,伊平屋村,1231,892,821,72.46,66.69,347,340,334,97.98,96.25
2021/08/14,伊是名村,1408,855,842,60.72,59.80,431,379,376,87.94,87.24
2021/08/14,久米島町,7772,5595,5268,71.99,67.78,2298,2129,2096,92.65,91.21
2021/08/14,八重瀬町,31537,9700,7111,30.76,22.55,6727,6074,5797,90.29,86.18
2021/08/14,多良間村,1122,834,749,74.33,66.76,336,334,323,99.40,96.13
2021/08/14,竹富町,4342,2669,1828,61.47,42.10,988,894,869,90.49,87.96
2021/08/14,与那国町,1716,878,637,51.17,37.12,377,319,281,84.62,74.54
2021/08/15,（全国）,127138033,51895890,39520050,40.82,31.08,35486339,31312379,29757373,88.24,83.86
2021/08/15,（沖縄県）,1481547,524256,370244,35.39,24.99,323501,275465,256378,85.15,79.25
2021/08/15,那覇市,322011,112165,73682,34.83,22.88,74092,60744,54344,81.98,73.35
2021/08/15,宜野湾市,99678,25798,17504,25.88,17.56,19153,15762,15097,82.30,78.82
2021/08/15,石垣市,49824,28065,22844,56.33,45.85,10655,9802,9749,91.99,91.50
2021/08/15,浦添市,115340,40083,26354,34.75,22.85,22580,18761,17529,83.09,77.63
2021/08/15,名護市,63389,21846,16075,34.46,25.36,13988,12317,11708,88.05,83.70
2021/08/15,糸満市,62191,17993,13267,28.93,21.33,12989,10962,10249,84.39,78.91
2021/08/15,沖縄市,142634,39986,27063,28.03,18.97,28810,24243,22304,84.15,77.42
2021/08/15,豊見城市,64953,19476,13191,29.98,20.31,12081,10468,9959,86.65,82.44
2021/08/15,うるま市,124457,36481,24286,29.31,19.51,27461,22734,19951,82.79,72.65
2021/08/15,宮古島市,55434,30928,24306,55.79,43.85,14280,12749,12304,89.28,86.16
2021/08/15,南城市,44245,17283,13393,39.06,30.27,11154,9936,9571,89.08,85.81
2021/08/15,国頭村,4673,2686,1614,57.48,34.54,1622,1453,1381,89.58,85.14
2021/08/15,大宜味村,3067,1812,1519,59.08,49.53,1162,1034,1000,88.98,86.06
2021/08/15,東村,1764,1256,1127,71.20,63.89,613,585,572,95.43,93.31
2021/08/15,今帰仁村,9360,4082,2964,43.61,31.67,3020,2667,2543,88.31,84.21
2021/08/15,本部町,13191,5036,3622,38.18,27.46,4056,3521,3034,86.81,74.80
2021/08/15,恩納村,11064,5639,4210,50.97,38.05,2638,2359,2309,89.42,87.53
2021/08/15,宜野座村,6106,2922,2665,47.85,43.65,1461,1246,1229,85.28,84.12
2021/08/15,金武町,11455,5107,3204,44.58,27.97,3018,2548,2461,84.43,81.54
2021/08/15,伊江村,4524,2993,1771,66.16,39.15,1480,1353,1312,91.42,88.65
2021/08/15,読谷村,41481,16161,11326,38.96,27.30,8879,7391,6922,83.24,77.96
2021/08/15,嘉手納町,13524,4591,3625,33.95,26.80,3226,2660,2580,82.46,79.98
2021/08/15,北谷町,28912,9632,5624,33.31,19.45,5784,4938,4503,85.37,77.85
2021/08/15,北中城村,17510,6238,4482,35.63,25.60,3849,3260,3049,84.70,79.22
2021/08/15,中城村,21762,7485,6068,34.39,27.88,4107,3688,3567,89.80,86.85
2021/08/15,西原町,35451,14319,9330,40.39,26.32,7425,6698,6419,90.21,86.45
2021/08/15,与那原町,19982,8200,6795,41.04,34.01,3946,3460,3377,87.68,85.58
2021/08/15,南風原町,39909,11174,7915,28.00,19.83,7262,6517,6180,89.74,85.10
2021/08/15,渡嘉敷村,711,484,475,68.07,66.81,157,158,155,100.64,98.73
2021/08/15,座間味村,914,629,618,68.82,67.61,213,202,198,94.84,92.96
2021/08/15,粟国村,696,489,478,70.26,68.68,257,233,227,90.66,88.33
2021/08/15,渡名喜村,356,267,238,75.00,66.85,157,129,122,82.17,77.71
2021/08/15,南大東村,1262,927,915,73.45,72.50,301,288,285,95.68,94.68
2021/08/15,北大東村,589,416,411,70.63,69.78,121,116,112,95.87,92.56
2021/08/15,伊平屋村,1231,892,821,72.46,66.69,347,340,334,97.98,96.25
2021/08/15,伊是名村,1408,855,842,60.72,59.80,431,379,376,87.94,87.24
2021/08/15,久米島町,7772,5595,5268,71.99,67.78,2298,2129,2096,92.65,91.21
2021/08/15,八重瀬町,31537,9706,7138,30.78,22.63,6727,6074,5797,90.29,86.18
2021/08/15,多良間村,1122,834,749,74.33,66.76,336,334,323,99.40,96.13
2021/08/15,竹富町,4342,2720,1828,62.64,42.10,988,895,869,90.59,87.96
2021/08/15,与那国町,1716,1005,637,58.57,37.12,377,332,281,88.06,74.54
2021/08/18,（全国）,127138033,54085327,41608048,42.54,32.73,35486339,31462428,30196163,88.66,85.09
2021/08/18,（沖縄県）,1481547,548056,393838,36.99,26.58,323501,277152,260715,85.67,80.59
2021/08/18,那覇市,322011,116340,79297,36.13,24.63,74092,61084,56107,82.44,75.73
2021/08/18,宜野湾市,99678,27119,18194,27.21,18.25,19153,15841,15187,82.71,79.29
2021/08/18,石垣市,49824,28438,24460,57.08,49.09,10655,9826,9782,92.22,91.81
2021/08/18,浦添市,115340,41312,29697,35.82,25.75,22580,18855,17910,83.50,79.32
2021/08/18,名護市,63389,22634,16852,35.71,26.59,13988,12355,11803,88.33,84.38
2021/08/18,糸満市,62191,19378,13809,31.16,22.20,12989,11100,10286,85.46,79.19
2021/08/18,沖縄市,142634,41848,28096,29.34,19.70,28810,24384,22676,84.64,78.71
2021/08/18,豊見城市,64953,20188,13584,31.08,20.91,12081,10545,10005,87.29,82.82
2021/08/18,うるま市,124457,40119,27496,32.24,22.09,27461,23124,20728,84.21,75.48
2021/08/18,宮古島市,55434,31985,26492,57.70,47.79,14280,12799,12390,89.63,86.76
2021/08/18,南城市,44245,17940,14404,40.55,32.56,11154,9959,9647,89.29,86.49
2021/08/18,国頭村,4673,2699,1620,57.76,34.67,1622,1456,1386,89.77,85.45
2021/08/18,大宜味村,3067,1854,1523,60.45,49.66,1162,1035,1001,89.07,86.14
2021/08/18,東村,1764,1261,1135,71.49,64.34,613,585,572,95.43,93.31
2021/08/18,今帰仁村,9360,4207,3104,44.95,33.16,3020,2673,2554,88.51,84.57
2021/08/18,本部町,13191,5154,4091,39.07,31.01,4056,3526,3350,86.93,82.59
2021/08/18,恩納村,11064,5880,4421,53.15,39.96,2638,2364,2313,89.61,87.68
2021/08/18,宜野座村,6106,3027,2702,49.57,44.25,1461,1249,1230,85.49,84.19
2021/08/18,金武町,11455,5231,3258,45.67,28.44,3018,2551,2462,84.53,81.58
2021/08/18,伊江村,4524,2996,1782,66.22,39.39,1480,1354,1315,91.49,88.85
2021/08/18,読谷村,41481,17689,11545,42.64,27.83,8879,7495,6939,84.41,78.15
2021/08/18,嘉手納町,13524,4741,3735,35.06,27.62,3226,2667,2586,82.67,80.16
2021/08/18,北谷町,28912,10100,5862,34.93,20.28,5784,4944,4505,85.48,77.89
2021/08/18,北中城村,17510,6380,4634,36.44,26.46,3849,3278,3074,85.16,79.86
2021/08/18,中城村,21762,8634,6136,39.67,28.20,4107,3711,3570,90.36,86.92
2021/08/18,西原町,35451,14892,9741,42.01,27.48,7425,6723,6483,90.55,87.31
2021/08/18,与那原町,19982,8820,7104,44.14,35.55,3946,3486,3396,88.34,86.06
2021/08/18,南風原町,39909,11617,8376,29.11,20.99,7262,6529,6226,89.91,85.73
2021/08/18,渡嘉敷村,711,484,475,68.07,66.81,157,158,155,100.64,98.73
2021/08/18,座間味村,914,630,624,68.93,68.27,213,203,203,95.31,95.31
2021/08/18,粟国村,696,490,479,70.40,68.82,257,233,227,90.66,88.33
2021/08/18,渡名喜村,356,267,240,75.00,67.42,157,129,124,82.17,78.98
2021/08/18,南大東村,1262,927,916,73.45,72.58,301,288,286,95.68,95.02
2021/08/18,北大東村,589,417,411,70.80,69.78,121,117,112,96.69,92.56
2021/08/18,伊平屋村,1231,894,833,72.62,67.67,347,341,335,98.27,96.54
2021/08/18,伊是名村,1408,855,842,60.72,59.80,431,379,376,87.94,87.24
2021/08/18,久米島町,7772,5607,5278,72.14,67.91,2298,2140,2100,93.12,91.38
2021/08/18,八重瀬町,31537,10429,7363,33.07,23.35,6727,6103,5837,90.72,86.77
2021/08/18,多良間村,1122,834,749,74.33,66.76,336,334,323,99.40,96.13
2021/08/18,竹富町,4342,2733,1835,62.94,42.26,988,897,870,90.79,88.06
2021/08/18,与那国町,1716,1006,643,58.62,37.47,377,332,284,88.06,75.33
2021/08/23,（全国）,127138033,57108262,44479488,44.92,34.99,35486339,31590840,30587127,89.02,86.19
2021/08/23,（沖縄県）,1481547,573368,423265,38.70,28.57,323501,278554,264516,86.11,81.77
2021/08/23,那覇市,322011,122453,88896,38.03,27.61,74092,61333,57624,82.78,77.77
2021/08/23,宜野湾市,99678,29214,19581,29.31,19.64,19153,15916,15278,83.10,79.77
2021/08/23,石垣市,49824,28847,25478,57.90,51.14,10655,9859,9825,92.53,92.21
2021/08/23,浦添市,115340,43016,32519,37.29,28.19,22580,19056,18139,84.39,80.33
2021/08/23,名護市,63389,23587,17391,37.21,27.44,13988,12385,11864,88.54,84.82
2021/08/23,糸満市,62191,19810,14347,31.85,23.07,12989,11116,10327,85.58,79.51
2021/08/23,沖縄市,142634,44623,30199,31.28,21.17,28810,24540,23025,85.18,79.92
2021/08/23,豊見城市,64953,20661,14311,31.81,22.03,12081,10564,10073,87.44,83.38
2021/08/23,うるま市,124457,42471,29863,34.13,23.99,27461,23313,21436,84.89,78.06
2021/08/23,宮古島市,55434,32577,28071,58.77,50.64,14280,12849,12528,89.98,87.73
2021/08/23,南城市,44245,18836,15275,42.57,34.52,11154,10008,9728,89.73,87.22
2021/08/23,国頭村,4673,2715,1628,58.10,34.84,1622,1462,1390,90.14,85.70
2021/08/23,大宜味村,3067,1884,1731,61.43,56.44,1162,1039,1015,89.41,87.35
2021/08/23,東村,1764,1265,1139,71.71,64.57,613,585,574,95.43,93.64
2021/08/23,今帰仁村,9360,4292,3139,45.85,33.54,3020,2678,2559,88.68,84.74
2021/08/23,本部町,13191,5615,4329,42.57,32.82,4056,3550,3371,87.52,83.11
2021/08/23,恩納村,11064,6123,4646,55.34,41.99,2638,2377,2322,90.11,88.02
2021/08/23,宜野座村,6106,3108,2739,50.90,44.86,1461,1254,1231,85.83,84.26
2021/08/23,金武町,11455,5361,3325,46.80,29.03,3018,2562,2466,84.89,81.71
2021/08/23,伊江村,4524,3006,1793,66.45,39.63,1480,1354,1319,91.49,89.12
2021/08/23,読谷村,41481,18343,12588,44.22,30.35,8879,7570,7050,85.26,79.40
2021/08/23,嘉手納町,13524,4872,4289,36.02,31.71,3226,2691,2612,83.42,80.97
2021/08/23,北谷町,28912,10995,6694,38.03,23.15,5784,4964,4592,85.82,79.39
2021/08/23,北中城村,17510,6910,4865,39.46,27.78,3849,3294,3087,85.58,80.20
2021/08/23,中城村,21762,9644,6258,44.32,28.76,4107,3739,3575,91.04,87.05
2021/08/23,西原町,35451,15650,10600,44.15,29.90,7425,6767,6530,91.14,87.95
2021/08/23,与那原町,19982,9180,7444,45.94,37.25,3946,3498,3408,88.65,86.37
2021/08/23,南風原町,39909,12051,8929,30.20,22.37,7262,6540,6273,90.06,86.38
2021/08/23,渡嘉敷村,711,484,476,68.07,66.95,157,158,155,100.64,98.73
2021/08/23,座間味村,914,631,626,69.04,68.49,213,203,204,95.31,95.77
2021/08/23,粟国村,696,490,480,70.40,68.97,257,233,227,90.66,88.33
2021/08/23,渡名喜村,356,269,263,75.56,73.88,157,129,126,82.17,80.25
2021/08/23,南大東村,1262,927,917,73.45,72.66,301,288,286,95.68,95.02
2021/08/23,北大東村,589,418,411,70.97,69.78,121,117,112,96.69,92.56
2021/08/23,伊平屋村,1231,894,833,72.62,67.67,347,341,335,98.27,96.54
2021/08/23,伊是名村,1408,857,842,60.87,59.80,431,382,378,88.63,87.70
2021/08/23,久米島町,7772,5627,5330,72.40,68.58,2298,2144,2109,93.30,91.78
2021/08/23,八重瀬町,31537,11048,7773,35.03,24.65,6727,6127,5870,91.08,87.26
2021/08/23,多良間村,1122,835,749,74.42,66.76,336,334,323,99.40,96.13
2021/08/23,竹富町,4342,2743,1846,63.17,42.51,988,900,871,91.09,88.16
2021/08/23,与那国町,1716,1036,652,60.37,38.00,377,335,299,88.86,79.31
2021/08/29,（全国）,127138033,60972070,48256038,47.96,37.96,35486339,31747899,30948964,89.47,87.21
2021/08/29,（沖縄県）,1481547,613299,470831,41.40,31.78,323501,279975,268081,86.55,82.87
2021/08/29,那覇市,322011,127973,98083,39.74,30.46,74092,61093,58729,82.46,79.26
2021/08/29,宜野湾市,99678,31163,22960,31.26,23.03,19153,16005,15468,83.56,80.76
2021/08/29,石垣市,49824,29015,25747,58.23,51.68,10655,9867,9831,92.60,92.27
2021/08/29,浦添市,115340,46056,35979,39.93,31.19,22580,19226,18338,85.15,81.21
2021/08/29,名護市,63389,25896,19115,40.85,30.16,13988,12484,12007,89.25,85.84
2021/08/29,糸満市,62191,21603,15495,34.74,24.92,12989,11247,10487,86.59,80.74
2021/08/29,沖縄市,142634,49715,35050,34.85,24.57,28810,24726,23326,85.82,80.96
2021/08/29,豊見城市,64953,23757,17989,36.58,27.70,12081,10661,10282,88.25,85.11
2021/08/29,うるま市,124457,46682,33390,37.51,26.83,27461,23523,21800,85.66,79.39
2021/08/29,宮古島市,55434,33781,29377,60.94,52.99,14280,12942,12615,90.63,88.34
2021/08/29,南城市,44245,19997,16712,45.20,37.77,11154,10076,9811,90.34,87.96
2021/08/29,国頭村,4673,2750,2318,58.85,49.60,1622,1470,1425,90.63,87.85
2021/08/29,大宜味村,3067,1955,1742,63.74,56.80,1162,1052,1015,90.53,87.35
2021/08/29,東村,1764,1268,1141,71.88,64.68,613,589,577,96.08,94.13
2021/08/29,今帰仁村,9360,4477,3841,47.83,41.04,3020,2683,2621,88.84,86.79
2021/08/29,本部町,13191,6163,4704,46.72,35.66,4056,3567,3412,87.94,84.12
2021/08/29,恩納村,11064,6230,5225,56.31,47.23,2638,2385,2334,90.41,88.48
2021/08/29,宜野座村,6106,3067,2723,50.23,44.60,1461,1258,1233,86.11,84.39
2021/08/29,金武町,11455,5640,4690,49.24,40.94,3018,2578,2508,85.42,83.10
2021/08/29,伊江村,4524,3161,2921,69.87,64.57,1480,1397,1341,94.39,90.61
2021/08/29,読谷村,41481,19068,13781,45.97,33.22,8879,7654,7110,86.20,80.08
2021/08/29,嘉手納町,13524,5481,4482,40.53,33.14,3226,2722,2624,84.38,81.34
2021/08/29,北谷町,28912,12457,7769,43.09,26.87,5784,5012,4632,86.65,80.08
2021/08/29,北中城村,17510,7243,5726,41.36,32.70,3849,3304,3141,85.84,81.61
2021/08/29,中城村,21762,10136,6581,46.58,30.24,4107,3756,3587,91.45,87.34
2021/08/29,西原町,35451,17086,11957,48.20,33.73,7425,6815,6590,91.78,88.75
2021/08/29,与那原町,19982,9610,7852,48.09,39.30,3946,3515,3422,89.08,86.72
2021/08/29,南風原町,39909,14776,10848,37.02,27.18,7262,6632,6444,91.32,88.74
2021/08/29,渡嘉敷村,711,484,477,68.07,67.09,157,158,156,100.64,99.36
2021/08/29,座間味村,914,638,629,69.80,68.82,213,201,202,94.37,94.84
2021/08/29,粟国村,696,493,483,70.83,69.40,257,233,229,90.66,89.11
2021/08/29,渡名喜村,356,269,263,75.56,73.88,157,129,126,82.17,80.25
2021/08/29,南大東村,1262,928,922,73.53,73.06,301,289,289,96.01,96.01
2021/08/29,北大東村,589,416,410,70.63,69.61,121,117,112,96.69,92.56
2021/08/29,伊平屋村,1231,900,880,73.11,71.49,347,343,339,98.85,97.69
2021/08/29,伊是名村,1408,864,844,61.36,59.94,431,386,379,89.56,87.94
2021/08/29,久米島町,7772,5635,5341,72.50,68.72,2298,2147,2115,93.43,92.04
2021/08/29,八重瀬町,31537,11798,8564,37.41,27.16,6727,6159,5912,91.56,87.88
2021/08/29,多良間村,1122,856,826,76.29,73.62,336,336,329,100.00,97.92
2021/08/29,竹富町,4342,2775,2339,63.91,53.87,988,901,882,91.19,89.27
2021/08/29,与那国町,1716,1037,655,60.43,38.17,377,337,301,89.39,79.84
2021/08/30,（全国）,127138033,61783722,49019283,48.60,38.56,35486339,31776968,31000276,89.55,87.36
2021/08/30,（沖縄県）,1481547,623381,478703,42.08,32.31,323501,280312,268623,86.65,83.04
2021/08/30,那覇市,322011,129427,99344,40.19,30.85,74092,61189,58882,82.59,79.47
2021/08/30,宜野湾市,99678,32307,23107,32.41,23.18,19153,15994,15452,83.51,80.68
2021/08/30,石垣市,49824,29123,26115,58.45,52.41,10655,9877,9840,92.70,92.35
2021/08/30,浦添市,115340,46619,37918,40.42,32.87,22580,19265,18482,85.32,81.85
2021/08/30,名護市,63389,25941,19147,40.92,30.21,13988,12487,12010,89.27,85.86
2021/08/30,糸満市,62191,23330,16141,37.51,25.95,12989,11328,10627,87.21,81.82
2021/08/30,沖縄市,142634,49955,35306,35.02,24.75,28810,24740,23336,85.87,81.00
2021/08/30,豊見城市,64953,23706,18100,36.50,27.87,12081,10537,10172,87.22,84.20
2021/08/30,うるま市,124457,46990,33610,37.76,27.01,27461,23542,21809,85.73,79.42
2021/08/30,宮古島市,55434,34492,29925,62.22,53.98,14280,12963,12634,90.78,88.47
2021/08/30,南城市,44245,21790,16975,49.25,38.37,11154,10129,9839,90.81,88.21
2021/08/30,国頭村,4673,2750,2323,58.85,49.71,1622,1470,1425,90.63,87.85
2021/08/30,大宜味村,3067,1957,1745,63.81,56.90,1162,1052,1015,90.53,87.35
2021/08/30,東村,1764,1268,1141,71.88,64.68,613,589,577,96.08,94.13
2021/08/30,今帰仁村,9360,4526,3850,48.35,41.13,3020,2717,2625,89.97,86.92
2021/08/30,本部町,13191,6197,4778,46.98,36.22,4056,3569,3417,87.99,84.25
2021/08/30,恩納村,11064,6329,5275,57.20,47.68,2638,2389,2339,90.56,88.67
2021/08/30,宜野座村,6106,3104,2739,50.84,44.86,1461,1262,1234,86.38,84.46
2021/08/30,金武町,11455,5694,4738,49.71,41.36,3018,2580,2511,85.49,83.20
2021/08/30,伊江村,4524,3164,2929,69.94,64.74,1480,1396,1340,94.32,90.54
2021/08/30,読谷村,41481,19325,14264,46.59,34.39,8879,7670,7129,86.38,80.29
2021/08/30,嘉手納町,13524,5572,4544,41.20,33.60,3226,2729,2655,84.59,82.30
2021/08/30,北谷町,28912,12599,7984,43.58,27.61,5784,5023,4639,86.84,80.20
2021/08/30,北中城村,17510,7300,5752,41.69,32.85,3849,3305,3142,85.87,81.63
2021/08/30,中城村,21762,10187,6628,46.81,30.46,4107,3759,3588,91.53,87.36
2021/08/30,西原町,35451,17369,12102,48.99,34.14,7425,6834,6595,92.04,88.82
2021/08/30,与那原町,19982,9692,7921,48.50,39.64,3946,3522,3433,89.25,87.00
2021/08/30,南風原町,39909,15260,11129,38.24,27.89,7262,6647,6471,91.53,89.11
2021/08/30,渡嘉敷村,711,484,477,68.07,67.09,157,158,156,100.64,99.36
2021/08/30,座間味村,914,639,629,69.91,68.82,213,201,202,94.37,94.84
2021/08/30,粟国村,696,493,483,70.83,69.40,257,233,229,90.66,89.11
2021/08/30,渡名喜村,356,270,263,75.84,73.88,157,130,126,82.80,80.25
2021/08/30,南大東村,1262,929,922,73.61,73.06,301,289,289,96.01,96.01
2021/08/30,北大東村,589,416,410,70.63,69.61,121,117,112,96.69,92.56
2021/08/30,伊平屋村,1231,900,880,73.11,71.49,347,343,339,98.85,97.69
2021/08/30,伊是名村,1408,867,844,61.58,59.94,431,386,379,89.56,87.94
2021/08/30,久米島町,7772,5636,5343,72.52,68.75,2298,2147,2115,93.43,92.04
2021/08/30,八重瀬町,31537,12094,9047,38.35,28.69,6727,6170,5946,91.72,88.39
2021/08/30,多良間村,1122,856,826,76.29,73.62,336,336,329,100.00,97.92
2021/08/30,竹富町,4342,2786,2393,64.16,55.11,988,901,882,91.19,89.27
2021/08/30,与那国町,1716,1038,656,60.49,38.23,377,337,301,89.39,79.84
2021/08/31,（全国）,126645025,62639313,49791515,49.46,39.32,35767994,31814591,31060210,88.95,86.84
2021/08/31,（沖縄県）,1485118,635485,488259,42.79,32.88,331973,280312,268623,84.44,80.92
2021/08/31,那覇市,320467,131177,100758,40.93,31.44,75542,61305,59081,81.15,78.21
2021/08/31,宜野湾市,100462,32899,23410,32.75,23.30,19711,16033,15473,81.34,78.50
2021/08/31,石垣市,49848,29209,26372,58.60,52.90,11031,9881,9848,89.57,89.28
2021/08/31,浦添市,115548,47427,38507,41.05,33.33,23218,19329,18542,83.25,79.86
2021/08/31,名護市,63724,27000,19784,42.37,31.05,14379,12520,12071,87.07,83.95
2021/08/31,糸満市,62349,23510,16758,37.71,26.88,13448,11325,10741,84.21,79.87
2021/08/31,沖縄市,142973,51902,36056,36.30,25.22,29494,24833,23415,84.20,79.39
2021/08/31,豊見城市,65766,24015,18453,36.52,28.06,12590,10544,10189,83.75,80.93
2021/08/31,うるま市,125338,48162,33998,38.43,27.13,28112,23590,21861,83.91,77.76
2021/08/31,宮古島市,55577,34749,30161,62.52,54.27,14667,12982,12644,88.51,86.21
2021/08/31,南城市,44924,21942,17084,48.84,38.03,11454,10138,9844,88.51,85.94
2021/08/31,国頭村,4581,2757,2611,60.18,57.00,1632,1473,1440,90.26,88.24
2021/08/31,大宜味村,3051,1958,1755,64.18,57.52,1180,1052,1017,89.15,86.19
2021/08/31,東村,1717,1268,1141,73.85,66.45,617,589,577,95.46,93.52
2021/08/31,今帰仁村,9322,4538,3859,48.68,41.40,3079,2717,2626,88.24,85.29
2021/08/31,本部町,13153,6223,4795,47.31,36.46,4177,3569,3419,85.44,81.85
2021/08/31,恩納村,11050,6389,5323,57.82,48.17,2686,2392,2340,89.05,87.12
2021/08/31,宜野座村,6140,3199,2809,52.10,45.75,1487,1276,1238,85.81,83.25
2021/08/31,金武町,11450,5714,4762,49.90,41.59,3057,2582,2513,84.46,82.20
2021/08/31,伊江村,4449,3169,2937,71.23,66.01,1530,1396,1340,91.24,87.58
2021/08/31,読谷村,41642,19749,14721,47.43,35.35,9144,7707,7157,84.28,78.27
2021/08/31,嘉手納町,13409,5590,4555,41.69,33.97,3233,2729,2655,84.41,82.12
2021/08/31,北谷町,28850,12693,8101,44.00,28.08,5910,5029,4660,85.09,78.85
2021/08/31,北中城村,17821,7320,6032,41.08,33.85,3985,3305,3147,82.94,78.97
2021/08/31,中城村,22046,10900,7662,49.44,34.75,4266,3791,3615,88.87,84.74
2021/08/31,西原町,35454,17935,12516,50.59,35.30,7724,6859,6623,88.80,85.75
2021/08/31,与那原町,20117,9864,8068,49.03,40.11,4126,3530,3440,85.56,83.37
2021/08/31,南風原町,40375,16440,11705,40.72,28.99,7518,6665,6491,88.65,86.34
2021/08/31,渡嘉敷村,718,484,477,67.41,66.43,161,158,156,98.14,96.89
2021/08/31,座間味村,897,639,629,71.24,70.12,220,201,202,91.36,91.82
2021/08/31,粟国村,684,493,483,72.08,70.61,256,233,229,91.02,89.45
2021/08/31,渡名喜村,342,270,263,78.95,76.90,157,130,126,82.80,80.25
2021/08/31,南大東村,1224,929,922,75.90,75.33,313,290,290,92.65,92.65
2021/08/31,北大東村,561,416,411,74.15,73.26,121,117,113,96.69,93.39
2021/08/31,伊平屋村,1200,901,888,75.08,74.00,355,344,340,96.90,95.77
2021/08/31,伊是名村,1322,867,844,65.58,63.84,427,386,379,90.40,88.76
2021/08/31,久米島町,7652,5656,5440,73.92,71.09,2309,2149,2123,93.07,91.94
2021/08/31,八重瀬町,31882,12445,9331,39.03,29.27,6951,6192,5964,89.08,85.80
2021/08/31,多良間村,1091,857,828,78.55,75.89,349,336,329,96.28,94.27
2021/08/31,竹富町,4262,2790,2394,65.46,56.17,986,901,882,91.38,89.45
2021/08/31,与那国町,1680,1040,656,61.90,39.05,371,337,301,90.84,81.13
2021/09/01,（全国）,126645025,63338755,50469090,50.01,39.85,35767994,31841568,31110576,89.02,86.98
2021/09/01,（沖縄県）,1485118,642256,496703,43.25,33.45,331973,281413,270033,84.77,81.34
2021/09/01,那覇市,320467,132911,104020,41.47,32.46,75542,61408,59340,81.29,78.55
2021/09/01,宜野湾市,100462,33273,24159,33.12,24.05,19711,16052,15508,81.44,78.68
2021/09/01,石垣市,49848,29282,26681,58.74,53.52,11031,9888,9857,89.64,89.36
2021/09/01,浦添市,115548,47808,38956,41.38,33.71,23218,19350,18585,83.34,80.05
2021/09/01,名護市,63724,27370,20274,42.95,31.82,14379,12532,12108,87.15,84.21
2021/09/01,糸満市,62349,23759,17250,38.11,27.67,13448,11342,10774,84.34,80.12
2021/09/01,沖縄市,142973,52064,36311,36.42,25.40,29494,24838,23422,84.21,79.41
2021/09/01,豊見城市,65766,24211,18894,36.81,28.73,12590,10552,10211,83.81,81.10
2021/09/01,うるま市,125338,49399,34392,39.41,27.44,28112,23614,21892,84.00,77.87
2021/09/01,宮古島市,55577,35038,30303,63.04,54.52,14667,13186,12658,89.90,86.30
2021/09/01,南城市,44924,22028,17165,49.03,38.21,11454,10144,9853,88.56,86.02
2021/09/01,国頭村,4581,2759,2616,60.23,57.11,1632,1474,1440,90.32,88.24
2021/09/01,大宜味村,3051,1958,1769,64.18,57.98,1180,1052,1019,89.15,86.36
2021/09/01,東村,1717,1268,1141,73.85,66.45,617,589,577,95.46,93.52
2021/09/01,今帰仁村,9322,4881,3922,52.36,42.07,3079,2736,2636,88.86,85.61
2021/09/01,本部町,13153,6243,4867,47.46,37.00,4177,3572,3428,85.52,82.07
2021/09/01,恩納村,11050,6414,5347,58.05,48.39,2686,2392,2341,89.05,87.16
2021/09/01,宜野座村,6140,3219,2837,52.43,46.21,1487,1277,1239,85.88,83.32
2021/09/01,金武町,11450,5736,4826,50.10,42.15,3057,2584,2519,84.53,82.40
2021/09/01,伊江村,4449,3170,2961,71.25,66.55,1530,1396,1340,91.24,87.58
2021/09/01,読谷村,41642,19769,14748,47.47,35.42,9144,7708,7162,84.30,78.32
2021/09/01,嘉手納町,13409,5603,4568,41.79,34.07,3233,2731,2658,84.47,82.21
2021/09/01,北谷町,28850,12807,8223,44.39,28.50,5910,5030,4662,85.11,78.88
2021/09/01,北中城村,17821,7692,6087,43.16,34.16,3985,3316,3152,83.21,79.10
2021/09/01,中城村,22046,10927,7693,49.56,34.90,4266,3791,3617,88.87,84.79
2021/09/01,西原町,35454,18040,12778,50.88,36.04,7724,6869,6642,88.93,85.99
2021/09/01,与那原町,20117,9934,8250,49.38,41.01,4126,3535,3450,85.68,83.62
2021/09/01,南風原町,40375,16630,11862,41.19,29.38,7518,6671,6501,88.73,86.47
2021/09/01,渡嘉敷村,718,484,477,67.41,66.43,161,158,156,98.14,96.89
2021/09/01,座間味村,897,639,629,71.24,70.12,220,201,202,91.36,91.82
2021/09/01,粟国村,684,493,484,72.08,70.76,256,233,229,91.02,89.45
2021/09/01,渡名喜村,342,270,264,78.95,77.19,157,130,127,82.80,80.89
2021/09/01,南大東村,1224,929,922,75.90,75.33,313,290,290,92.65,92.65
2021/09/01,北大東村,561,418,411,74.51,73.26,121,117,113,96.69,93.39
2021/09/01,伊平屋村,1200,901,888,75.08,74.00,355,344,340,96.90,95.77
2021/09/01,伊是名村,1322,868,845,65.66,63.92,427,386,379,90.40,88.76
2021/09/01,久米島町,7652,5656,5443,73.92,71.13,2309,2149,2124,93.07,91.99
2021/09/01,八重瀬町,31882,12710,9558,39.87,29.98,6951,6201,5970,89.21,85.89
2021/09/01,多良間村,1091,857,828,78.55,75.89,349,336,329,96.28,94.27
2021/09/01,竹富町,4262,2798,2398,65.65,56.26,986,902,882,91.48,89.45
2021/09/01,与那国町,1680,1040,656,61.90,39.05,371,337,301,90.84,81.13
2021/09/02,（全国）,126645025,63952477,51119238,50.50,40.36,35767994,31864333,31158839,89.09,87.11
2021/09/02,（沖縄県）,1485118,652193,505725,43.92,34.05,331973,281710,270644,84.86,81.53
2021/09/02,那覇市,320467,135340,106252,42.23,33.16,75542,61434,59483,81.32,78.74
2021/09/02,宜野湾市,100462,33789,25118,33.63,25.00,19711,16066,15549,81.51,78.88
2021/09/02,石垣市,49848,29302,26762,58.78,53.69,11031,9890,9866,89.66,89.44
2021/09/02,浦添市,115548,48125,39514,41.65,34.20,23218,19380,18630,83.47,80.24
2021/09/02,名護市,63724,27686,20835,43.45,32.70,14379,12546,12154,87.25,84.53
2021/09/02,糸満市,62349,23953,17441,38.42,27.97,13448,11346,10782,84.37,80.18
2021/09/02,沖縄市,142973,54397,37963,38.05,26.55,29494,24897,23558,84.41,79.87
2021/09/02,豊見城市,65766,24923,19211,37.90,29.21,12590,10560,10231,83.88,81.26
2021/09/02,うるま市,125338,50778,35041,40.51,27.96,28112,23653,21965,84.14,78.13
2021/09/02,宮古島市,55577,35325,30442,63.56,54.77,14667,13212,12669,90.08,86.38
2021/09/02,南城市,44924,22252,17300,49.53,38.51,11454,10152,9859,88.63,86.07
2021/09/02,国頭村,4581,2763,2625,60.31,57.30,1632,1475,1441,90.38,88.30
2021/09/02,大宜味村,3051,1961,1773,64.27,58.11,1180,1053,1019,89.24,86.36
2021/09/02,東村,1717,1275,1148,74.26,66.86,617,590,577,95.62,93.52
2021/09/02,今帰仁村,9322,4906,3948,52.63,42.35,3079,2737,2638,88.89,85.68
2021/09/02,本部町,13153,6303,4979,47.92,37.85,4177,3573,3436,85.54,82.26
2021/09/02,恩納村,11050,6502,5396,58.84,48.83,2686,2394,2341,89.13,87.16
2021/09/02,宜野座村,6140,3296,2855,53.68,46.50,1487,1284,1241,86.35,83.46
2021/09/02,金武町,11450,5770,4888,50.39,42.69,3057,2586,2524,84.59,82.56
2021/09/02,伊江村,4449,3171,2962,71.27,66.58,1530,1396,1340,91.24,87.58
2021/09/02,読谷村,41642,19925,14944,47.85,35.89,9144,7723,7181,84.46,78.53
2021/09/02,嘉手納町,13409,5781,4610,43.11,34.38,3233,2746,2659,84.94,82.25
2021/09/02,北谷町,28850,12859,8578,44.57,29.73,5910,5033,4667,85.16,78.97
2021/09/02,北中城村,17821,7741,6150,43.44,34.51,3985,3316,3156,83.21,79.20
2021/09/02,中城村,22046,11006,7737,49.92,35.09,4266,3796,3621,88.98,84.88
2021/09/02,西原町,35454,18119,12885,51.11,36.34,7724,6875,6644,89.01,86.02
2021/09/02,与那原町,20117,9959,8312,49.51,41.32,4126,3535,3453,85.68,83.69
2021/09/02,南風原町,40375,16824,12149,41.67,30.09,7518,6676,6512,88.80,86.62
2021/09/02,渡嘉敷村,718,487,469,67.83,65.32,161,156,153,96.89,95.03
2021/09/02,座間味村,897,639,629,71.24,70.12,220,201,202,91.36,91.82
2021/09/02,粟国村,684,493,484,72.08,70.76,256,233,229,91.02,89.45
2021/09/02,渡名喜村,342,270,264,78.95,77.19,157,130,127,82.80,80.89
2021/09/02,南大東村,1224,929,922,75.90,75.33,313,290,290,92.65,92.65
2021/09/02,北大東村,561,418,411,74.51,73.26,121,117,113,96.69,93.39
2021/09/02,伊平屋村,1200,901,888,75.08,74.00,355,344,340,96.90,95.77
2021/09/02,伊是名村,1322,868,845,65.66,63.92,427,386,379,90.40,88.76
2021/09/02,久米島町,7652,5680,5479,74.23,71.60,2309,2153,2125,93.24,92.03
2021/09/02,八重瀬町,31882,12780,9631,40.09,30.21,6951,6201,5978,89.21,86.00
2021/09/02,多良間村,1091,857,830,78.55,76.08,349,336,329,96.28,94.27
2021/09/02,竹富町,4262,2799,2399,65.67,56.29,986,902,882,91.48,89.45
2021/09/02,与那国町,1680,1041,656,61.96,39.05,371,337,301,90.84,81.13
2021/09/06,（全国）,126645025,66753789,52965540,52.71,41.82,35767994,31939588,31255981,89.30,87.39
2021/09/06,（沖縄県）,1485118,686796,534679,46.25,36.00,331973,282894,272347,85.22,82.04
2021/09/06,那覇市,320467,143908,112409,44.91,35.08,75542,61704,59832,81.68,79.20
2021/09/06,宜野湾市,100462,36044,26859,35.88,26.74,19711,16143,15655,81.90,79.42
2021/09/06,石垣市,49848,29772,27963,59.73,56.10,11031,9904,9886,89.78,89.62
2021/09/06,浦添市,115548,50712,41627,43.89,36.03,23218,19515,18770,84.05,80.84
2021/09/06,名護市,63724,28960,22248,45.45,34.91,14379,12614,12254,87.73,85.22
2021/09/06,糸満市,62349,25993,18597,41.69,29.83,13448,11419,10925,84.91,81.24
2021/09/06,沖縄市,142973,57706,40433,40.36,28.28,29494,24993,23691,84.74,80.32
2021/09/06,豊見城市,65766,26502,20757,40.30,31.56,12590,10606,10332,84.24,82.07
2021/09/06,うるま市,125338,54981,36561,43.87,29.17,28112,23756,22278,84.50,79.25
2021/09/06,宮古島市,55577,36277,31631,65.27,56.91,14667,13263,12734,90.43,86.82
2021/09/06,南城市,44924,22809,17862,50.77,39.76,11454,10051,9759,87.75,85.20
2021/09/06,国頭村,4581,3108,2653,67.85,57.91,1632,1494,1438,91.54,88.11
2021/09/06,大宜味村,3051,2126,1817,69.68,59.55,1180,1058,1021,89.66,86.53
2021/09/06,東村,1717,1280,1155,74.55,67.27,617,590,577,95.62,93.52
2021/09/06,今帰仁村,9322,5560,4078,59.64,43.75,3079,2771,2646,90.00,85.94
2021/09/06,本部町,13153,6605,5293,50.22,40.24,4177,3685,3477,88.22,83.24
2021/09/06,恩納村,11050,6613,5711,59.85,51.68,2686,2403,2352,89.46,87.57
2021/09/06,宜野座村,6140,3453,2902,56.24,47.26,1487,1290,1243,86.75,83.59
2021/09/06,金武町,11450,6069,5076,53.00,44.33,3057,2596,2545,84.92,83.25
2021/09/06,伊江村,4449,3179,2966,71.45,66.67,1530,1397,1343,91.31,87.78
2021/09/06,読谷村,41642,20668,16115,49.63,38.70,9144,7762,7263,84.89,79.43
2021/09/06,嘉手納町,13409,6106,4836,45.54,36.07,3233,2760,2670,85.37,82.59
2021/09/06,北谷町,28850,13190,9626,45.72,33.37,5910,5043,4687,85.33,79.31
2021/09/06,北中城村,17821,8424,6270,47.27,35.18,3985,3340,3166,83.81,79.45
2021/09/06,中城村,22046,11184,7936,50.73,36.00,4266,3799,3629,89.05,85.07
2021/09/06,西原町,35454,18772,14536,52.95,41.00,7724,6898,6682,89.31,86.51
2021/09/06,与那原町,20117,10255,8577,50.98,42.64,4126,3547,3459,85.97,83.83
2021/09/06,南風原町,40375,17577,13040,43.53,32.30,7518,6695,6536,89.05,86.94
2021/09/06,渡嘉敷村,718,487,469,67.83,65.32,161,156,153,96.89,95.03
2021/09/06,座間味村,897,640,631,71.35,70.35,220,201,203,91.36,92.27
2021/09/06,粟国村,684,497,485,72.66,70.91,256,235,229,91.80,89.45
2021/09/06,渡名喜村,342,270,264,78.95,77.19,157,130,127,82.80,80.89
2021/09/06,南大東村,1224,930,923,75.98,75.41,313,291,290,92.97,92.65
2021/09/06,北大東村,561,418,412,74.51,73.44,121,117,113,96.69,93.39
2021/09/06,伊平屋村,1200,901,888,75.08,74.00,355,347,342,97.75,96.34
2021/09/06,伊是名村,1322,870,847,65.81,64.07,427,386,379,90.40,88.76
2021/09/06,久米島町,7652,5682,5478,74.26,71.59,2309,2152,2124,93.20,91.99
2021/09/06,八重瀬町,31882,13543,10183,42.48,31.94,6951,6205,5989,89.27,86.16
2021/09/06,多良間村,1091,859,830,78.74,76.08,349,336,329,96.28,94.27
2021/09/06,竹富町,4262,2821,2712,66.19,63.63,986,903,888,91.58,90.06
2021/09/06,与那国町,1680,1045,1023,62.20,60.89,371,339,331,91.37,89.22
2021/09/09,（全国）,126645025,69158720,54982438,54.61,43.41,35767994,32026145,31392479,89.54,87.77
2021/09/09,（沖縄県）,1485118,716271,558734,48.23,37.62,331973,284356,274007,85.66,82.54
2021/09/09,那覇市,320467,153215,117730,47.81,36.74,75542,62133,60156,82.25,79.63
2021/09/09,宜野湾市,100462,37712,28732,37.54,28.60,19711,16203,15731,82.20,79.81
2021/09/09,石垣市,49848,30053,28463,60.29,57.10,11031,9927,9916,89.99,89.89
2021/09/09,浦添市,115548,53762,42865,46.53,37.10,23218,19682,18850,84.77,81.19
2021/09/09,名護市,63724,30422,23132,47.74,36.30,14379,12743,12316,88.62,85.65
2021/09/09,糸満市,62349,26710,20152,42.84,32.32,13448,11466,11077,85.26,82.37
2021/09/09,沖縄市,142973,60045,42216,42.00,29.53,29494,25088,23824,85.06,80.78
2021/09/09,豊見城市,65766,27588,21182,41.95,32.21,12590,10648,10365,84.58,82.33
2021/09/09,うるま市,125338,59066,39749,47.13,31.71,28112,23924,22561,85.10,80.25
2021/09/09,宮古島市,55577,36449,32178,65.58,57.90,14667,13288,12877,90.60,87.80
2021/09/09,南城市,44924,23139,18537,51.51,41.26,11454,10063,9791,87.86,85.48
2021/09/09,国頭村,4581,3115,2681,68.00,58.52,1632,1496,1443,91.67,88.42
2021/09/09,大宜味村,3051,2131,1854,69.85,60.77,1180,1060,1023,89.83,86.69
2021/09/09,東村,1717,1281,1156,74.61,67.33,617,590,577,95.62,93.52
2021/09/09,今帰仁村,9322,5921,4159,63.52,44.61,3079,2790,2655,90.61,86.23
2021/09/09,本部町,13153,6842,5760,52.02,43.79,4177,3701,3504,88.60,83.89
2021/09/09,恩納村,11050,6752,5870,61.10,53.12,2686,2410,2354,89.72,87.64
2021/09/09,宜野座村,6140,3499,2922,56.99,47.59,1487,1293,1246,86.95,83.79
2021/09/09,金武町,11450,6187,5259,54.03,45.93,3057,2606,2556,85.25,83.61
2021/09/09,伊江村,4449,3187,2971,71.63,66.78,1530,1399,1345,91.44,87.91
2021/09/09,読谷村,41642,21133,17289,50.75,41.52,9144,7819,7337,85.51,80.24
2021/09/09,嘉手納町,13409,6383,4893,47.60,36.49,3233,2768,2671,85.62,82.62
2021/09/09,北谷町,28850,13423,10300,46.53,35.70,5910,5055,4703,85.53,79.58
2021/09/09,北中城村,17821,8928,6456,50.10,36.23,3985,3366,3229,84.47,81.03
2021/09/09,中城村,22046,11316,8951,51.33,40.60,4266,3803,3653,89.15,85.63
2021/09/09,西原町,35454,19148,14983,54.01,42.26,7724,6922,6702,89.62,86.77
2021/09/09,与那原町,20117,10653,8936,52.96,44.42,4126,3572,3479,86.57,84.32
2021/09/09,南風原町,40375,18650,13487,46.19,33.40,7518,6715,6547,89.32,87.08
2021/09/09,渡嘉敷村,718,487,469,67.83,65.32,161,156,153,96.89,95.03
2021/09/09,座間味村,897,641,631,71.46,70.35,220,202,204,91.82,92.73
2021/09/09,粟国村,684,498,486,72.81,71.05,256,235,230,91.80,89.84
2021/09/09,渡名喜村,342,272,265,79.53,77.49,157,131,127,83.44,80.89
2021/09/09,南大東村,1224,930,925,75.98,75.57,313,291,290,92.97,92.65
2021/09/09,北大東村,561,420,413,74.87,73.62,121,117,114,96.69,94.21
2021/09/09,伊平屋村,1200,903,889,75.25,74.08,355,347,342,97.75,96.34
2021/09/09,伊是名村,1322,871,848,65.89,64.15,427,386,379,90.40,88.76
2021/09/09,久米島町,7652,5701,5519,74.50,72.12,2309,2153,2125,93.24,92.03
2021/09/09,八重瀬町,31882,14049,10844,44.07,34.01,6951,6223,6005,89.53,86.39
2021/09/09,多良間村,1091,868,833,79.56,76.35,349,336,329,96.28,94.27
2021/09/09,竹富町,4262,2871,2716,67.36,63.73,986,914,891,92.70,90.37
2021/09/09,与那国町,1680,1050,1033,62.50,61.49,371,335,330,90.30,88.95
2021/09/13,（全国）,126645025,71644435,57389140,56.57,45.31,35767994,32095031,31498993,89.73,88.06
2021/09/13,（沖縄県）,1485118,759731,580811,51.16,39.11,331973,285978,275218,86.14,82.90
2021/09/13,那覇市,320467,165787,122536,51.73,38.24,75542,62610,60424,82.88,79.99
2021/09/13,宜野湾市,100462,41192,29967,41.00,29.83,19711,16316,15772,82.78,80.02
2021/09/13,石垣市,49848,30231,28705,60.65,57.59,11031,9950,9939,90.20,90.10
2021/09/13,浦添市,115548,58453,44149,50.59,38.21,23218,19812,18926,85.33,81.51
2021/09/13,名護市,63724,32034,24450,50.27,38.37,14379,12788,12359,88.94,85.95
2021/09/13,糸満市,62349,27844,20774,44.66,33.32,13448,11507,11132,85.57,82.78
2021/09/13,沖縄市,142973,65527,46184,45.83,32.30,29494,25353,24046,85.96,81.53
2021/09/13,豊見城市,65766,29524,22874,44.89,34.78,12590,10693,10460,84.93,83.08
2021/09/13,うるま市,125338,63243,41046,50.46,32.75,28112,24042,22674,85.52,80.66
2021/09/13,宮古島市,55577,36684,32566,66.01,58.60,14667,13319,12913,90.81,88.04
2021/09/13,南城市,44924,24461,19134,54.45,42.59,11454,10123,9820,88.38,85.73
2021/09/13,国頭村,4581,3134,2706,68.41,59.07,1632,1500,1448,91.91,88.73
2021/09/13,大宜味村,3051,2138,1878,70.08,61.55,1180,1061,1026,89.92,86.95
2021/09/13,東村,1717,1296,1248,75.48,72.68,617,590,581,95.62,94.17
2021/09/13,今帰仁村,9322,5949,4232,63.82,45.40,3079,2791,2659,90.65,86.36
2021/09/13,本部町,13153,7387,5815,56.16,44.21,4177,3720,3507,89.06,83.96
2021/09/13,恩納村,11050,6823,5945,61.75,53.80,2686,2412,2357,89.80,87.75
2021/09/13,宜野座村,6140,3571,3030,58.16,49.35,1487,1339,1280,90.05,86.08
2021/09/13,金武町,11450,6288,5472,54.92,47.79,3057,2611,2566,85.41,83.94
2021/09/13,伊江村,4449,3326,2982,74.76,67.03,1530,1405,1345,91.83,87.91
2021/09/13,読谷村,41642,22176,17615,53.25,42.30,9144,7855,7347,85.90,80.35
2021/09/13,嘉手納町,13409,6860,4940,51.16,36.84,3233,2789,2675,86.27,82.74
2021/09/13,北谷町,28850,14023,11055,48.61,38.32,5910,5069,4723,85.77,79.92
2021/09/13,北中城村,17821,9052,6707,50.79,37.64,3985,3380,3237,84.82,81.23
2021/09/13,中城村,22046,11532,9013,52.31,40.88,4266,3809,3655,89.29,85.68
2021/09/13,西原町,35454,20208,15704,57.00,44.29,7724,6960,6725,90.11,87.07
2021/09/13,与那原町,20117,10749,9196,53.43,45.71,4126,3567,3477,86.45,84.27
2021/09/13,南風原町,40375,19471,14094,48.23,34.91,7518,6733,6565,89.56,87.32
2021/09/13,渡嘉敷村,718,487,469,67.83,65.32,161,157,154,97.52,95.65
2021/09/13,座間味村,897,643,632,71.68,70.46,220,203,204,92.27,92.73
2021/09/13,粟国村,684,501,486,73.25,71.05,256,237,230,92.58,89.84
2021/09/13,渡名喜村,342,273,265,79.82,77.49,157,131,127,83.44,80.89
2021/09/13,南大東村,1224,934,925,76.31,75.57,313,292,291,93.29,92.97
2021/09/13,北大東村,561,421,414,75.04,73.80,121,117,114,96.69,94.21
2021/09/13,伊平屋村,1200,903,893,75.25,74.42,355,347,343,97.75,96.62
2021/09/13,伊是名村,1322,981,851,74.21,64.37,427,397,380,92.97,88.99
2021/09/13,久米島町,7652,5710,5524,74.62,72.19,2309,2156,2128,93.37,92.16
2021/09/13,八重瀬町,31882,15098,11710,47.36,36.73,6951,6247,6046,89.87,86.98
2021/09/13,多良間村,1091,871,835,79.84,76.54,349,336,329,96.28,94.27
2021/09/13,竹富町,4262,2892,2755,67.86,64.64,986,919,903,93.20,91.58
2021/09/13,与那国町,1680,1054,1035,62.74,61.61,371,335,331,90.30,89.22
2021/09/14,（全国）,126645025,72419808,58165685,57.18,45.93,35767994,32120333,31541142,89.80,88.18
2021/09/14,（沖縄県）,1485118,767383,588560,51.67,39.63,331973,286318,275687,86.25,83.05
2021/09/14,那覇市,320467,168440,123815,52.56,38.64,75542,62711,60538,83.01,80.14
2021/09/14,宜野湾市,100462,41825,30227,41.63,30.09,19711,16346,15790,82.93,80.11
2021/09/14,石垣市,49848,30283,28769,60.75,57.71,11031,9951,9948,90.21,90.18
2021/09/14,浦添市,115548,59008,44534,51.07,38.54,23218,19846,18936,85.48,81.56
2021/09/14,名護市,63724,32337,25086,50.75,39.37,14379,12804,12382,89.05,86.11
2021/09/14,糸満市,62349,28091,21642,45.05,34.71,13448,11517,11201,85.64,83.29
2021/09/14,沖縄市,142973,66082,46457,46.22,32.49,29494,25376,24061,86.04,81.58
2021/09/14,豊見城市,65766,30065,23502,45.72,35.74,12590,10709,10497,85.06,83.38
2021/09/14,うるま市,125338,64548,42005,51.50,33.51,28112,24112,22742,85.77,80.90
2021/09/14,宮古島市,55577,36738,32607,66.10,58.67,14667,13332,12927,90.90,88.14
2021/09/14,南城市,44924,24540,19203,54.63,42.75,11454,10132,9835,88.46,85.87
2021/09/14,国頭村,4581,3135,2708,68.43,59.11,1632,1501,1451,91.97,88.91
2021/09/14,大宜味村,3051,2139,1888,70.11,61.88,1180,1061,1027,89.92,87.03
2021/09/14,東村,1717,1300,1250,75.71,72.80,617,592,582,95.95,94.33
2021/09/14,今帰仁村,9322,5956,4239,63.89,45.47,3079,2792,2659,90.68,86.36
2021/09/14,本部町,13153,7476,5841,56.84,44.41,4177,3724,3511,89.15,84.06
2021/09/14,恩納村,11050,6899,6019,62.43,54.47,2686,2416,2364,89.95,88.01
2021/09/14,宜野座村,6140,3571,3034,58.16,49.41,1487,1339,1280,90.05,86.08
2021/09/14,金武町,11450,6293,5475,54.96,47.82,3057,2612,2567,85.44,83.97
2021/09/14,伊江村,4449,3331,2985,74.87,67.09,1530,1405,1346,91.83,87.97
2021/09/14,読谷村,41642,22214,17835,53.35,42.83,9144,7858,7367,85.94,80.57
2021/09/14,嘉手納町,13409,6886,4956,51.35,36.96,3233,2792,2675,86.36,82.74
2021/09/14,北谷町,28850,14077,11186,48.79,38.77,5910,5074,4727,85.85,79.98
2021/09/14,北中城村,17821,9075,6727,50.92,37.75,3985,3381,3239,84.84,81.28
2021/09/14,中城村,22046,11641,9969,52.80,45.22,4266,3816,3680,89.45,86.26
2021/09/14,西原町,35454,20038,15687,56.52,44.25,7724,6928,6706,89.69,86.82
2021/09/14,与那原町,20117,10773,9356,53.55,46.51,4126,3567,3484,86.45,84.44
2021/09/14,南風原町,40375,19768,14568,48.96,36.08,7518,6742,6572,89.68,87.42
2021/09/14,渡嘉敷村,718,487,469,67.83,65.32,161,157,154,97.52,95.65
2021/09/14,座間味村,897,643,633,71.68,70.57,220,203,205,92.27,93.18
2021/09/14,粟国村,684,501,486,73.25,71.05,256,237,230,92.58,89.84
2021/09/14,渡名喜村,342,273,265,79.82,77.49,157,131,127,83.44,80.89
2021/09/14,南大東村,1224,934,925,76.31,75.57,313,292,291,93.29,92.97
2021/09/14,北大東村,561,421,414,75.04,73.80,121,117,114,96.69,94.21
2021/09/14,伊平屋村,1200,903,893,75.25,74.42,355,347,343,97.75,96.62
2021/09/14,伊是名村,1322,981,851,74.21,64.37,427,397,380,92.97,88.99
2021/09/14,久米島町,7652,5718,5556,74.73,72.61,2309,2158,2131,93.46,92.29
2021/09/14,八重瀬町,31882,15174,11871,47.59,37.23,6951,6252,6054,89.94,87.10
2021/09/14,多良間村,1091,871,835,79.84,76.54,349,336,329,96.28,94.27
2021/09/14,竹富町,4262,2894,2756,67.90,64.66,986,920,904,93.31,91.68
2021/09/14,与那国町,1680,1054,1036,62.74,61.67,371,335,331,90.30,89.22
2021/09/15,（全国）,126645025,73155497,58873812,57.76,46.49,35767994,32145843,31575136,89.87,88.28
2021/09/15,（沖縄県）,1485118,776967,596025,52.32,40.13,331973,286838,276272,86.40,83.22
2021/09/15,那覇市,320467,172256,125578,53.75,39.19,75542,62851,60596,83.20,80.21
2021/09/15,宜野湾市,100462,42541,30672,42.35,30.53,19711,16384,15809,83.12,80.20
2021/09/15,石垣市,49848,30320,28807,60.82,57.79,11031,9955,9954,90.25,90.24
2021/09/15,浦添市,115548,59387,44947,51.40,38.90,23218,19860,18966,85.54,81.69
2021/09/15,名護市,63724,32485,25823,50.98,40.52,14379,12821,12426,89.16,86.42
2021/09/15,糸満市,62349,28683,21910,46.00,35.14,13448,11542,11221,85.83,83.44
2021/09/15,沖縄市,142973,67211,47504,47.01,33.23,29494,25537,24302,86.58,82.40
2021/09/15,豊見城市,65766,30408,23776,46.24,36.15,12590,10721,10503,85.15,83.42
2021/09/15,うるま市,125338,65378,43033,52.16,34.33,28112,24152,22819,85.91,81.17
2021/09/15,宮古島市,55577,36789,32702,66.19,58.84,14667,13339,12938,90.95,88.21
2021/09/15,南城市,44924,24731,19418,55.05,43.22,11454,10143,9847,88.55,85.97
2021/09/15,国頭村,4581,3206,2777,69.98,60.62,1632,1503,1452,92.10,88.97
2021/09/15,大宜味村,3051,2143,1893,70.24,62.05,1180,1061,1028,89.92,87.12
2021/09/15,東村,1717,1301,1251,75.77,72.86,617,592,582,95.95,94.33
2021/09/15,今帰仁村,9322,5959,4245,63.92,45.54,3079,2793,2660,90.71,86.39
2021/09/15,本部町,13153,7559,5864,57.47,44.58,4177,3728,3513,89.25,84.10
2021/09/15,恩納村,11050,6905,6060,62.49,54.84,2686,2417,2369,89.99,88.20
2021/09/15,宜野座村,6140,3576,3039,58.24,49.50,1487,1339,1281,90.05,86.15
2021/09/15,金武町,11450,6315,5490,55.15,47.95,3057,2618,2569,85.64,84.04
2021/09/15,伊江村,4449,3335,2989,74.96,67.18,1530,1405,1346,91.83,87.97
2021/09/15,読谷村,41642,22242,17900,53.41,42.99,9144,7860,7372,85.96,80.62
2021/09/15,嘉手納町,13409,6908,4991,51.52,37.22,3233,2792,2678,86.36,82.83
2021/09/15,北谷町,28850,14522,11590,50.34,40.17,5910,5096,4747,86.23,80.32
2021/09/15,北中城村,17821,9239,6797,51.84,38.14,3985,3384,3242,84.92,81.36
2021/09/15,中城村,22046,11667,9996,52.92,45.34,4266,3816,3681,89.45,86.29
2021/09/15,西原町,35454,20175,15823,56.90,44.63,7724,6929,6712,89.71,86.90
2021/09/15,与那原町,20117,10836,9444,53.86,46.95,4126,3570,3486,86.52,84.49
2021/09/15,南風原町,40375,19958,14650,49.43,36.28,7518,6743,6574,89.69,87.44
2021/09/15,渡嘉敷村,718,488,469,67.97,65.32,161,157,154,97.52,95.65
2021/09/15,座間味村,897,643,635,71.68,70.79,220,203,205,92.27,93.18
2021/09/15,粟国村,684,501,486,73.25,71.05,256,237,230,92.58,89.84
2021/09/15,渡名喜村,342,273,266,79.82,77.78,157,131,127,83.44,80.89
2021/09/15,南大東村,1224,934,925,76.31,75.57,313,292,291,93.29,92.97
2021/09/15,北大東村,561,421,414,75.04,73.80,121,117,114,96.69,94.21
2021/09/15,伊平屋村,1200,903,893,75.25,74.42,355,347,343,97.75,96.62
2021/09/15,伊是名村,1322,982,851,74.28,64.37,427,397,380,92.97,88.99
2021/09/15,久米島町,7652,5718,5558,74.73,72.63,2309,2158,2131,93.46,92.29
2021/09/15,八重瀬町,31882,15246,11932,47.82,37.43,6951,6256,6060,90.00,87.18
2021/09/15,多良間村,1091,873,835,80.02,76.54,349,336,329,96.28,94.27
2021/09/15,竹富町,4262,2896,2756,67.95,64.66,986,921,904,93.41,91.68
2021/09/15,与那国町,1680,1054,1036,62.74,61.67,371,335,331,90.30,89.22
2021/09/20,（沖縄県）,1485118,849226,653869,57.18,44.03,1286886,65.99,50.81
2021/09/20,那覇市,320467,191230,138623,59.67,43.26,283064,67.56,48.97
2021/09/20,宜野湾市,100462,48844,33538,48.62,33.38,86483,56.48,38.78
2021/09/20,石垣市,49848,34857,33188,69.93,66.58,43012,81.04,77.16
2021/09/20,浦添市,115548,67216,51056,58.17,44.19,99990,67.22,51.06
2021/09/20,名護市,63724,34900,28142,54.77,44.16,55051,63.40,51.12
2021/09/20,糸満市,62349,30335,22961,48.65,36.83,53299,56.91,43.08
2021/09/20,沖縄市,142973,74486,52112,52.10,36.45,123515,60.31,42.19
2021/09/20,豊見城市,65766,35007,27327,53.23,41.55,55496,63.08,49.24
2021/09/20,うるま市,125338,69548,46647,55.49,37.22,108452,64.13,43.01
2021/09/20,宮古島市,55577,37808,34425,68.03,61.94,48596,77.80,70.84
2021/09/20,南城市,44924,27030,22264,60.17,49.56,38735,69.78,57.48
2021/09/20,国頭村,4581,3311,2875,72.28,62.76,4139,80.00,69.46
2021/09/20,大宜味村,3051,2209,1989,72.40,65.19,2793,79.09,71.21
2021/09/20,東村,1717,1304,1260,75.95,73.38,1553,83.97,81.13
2021/09/20,今帰仁村,9322,6069,4527,65.10,48.56,8262,73.46,54.79
2021/09/20,本部町,13153,7874,6078,59.86,46.21,11674,67.45,52.06
2021/09/20,恩納村,11050,7135,6244,64.57,56.51,9794,72.85,63.75
2021/09/20,宜野座村,6140,3844,3428,62.61,55.83,5189,74.08,66.06
2021/09/20,金武町,11450,6805,5899,59.43,51.52,9851,69.08,59.88
2021/09/20,伊江村,4449,3402,3169,76.47,71.23,3951,86.10,80.21
2021/09/20,読谷村,41642,23333,19081,56.03,45.82,36058,64.71,52.92
2021/09/20,嘉手納町,13409,7262,5536,54.16,41.29,11585,62.68,47.79
2021/09/20,北谷町,28850,15520,12768,53.80,44.26,24812,62.55,51.46
2021/09/20,北中城村,17821,9872,7272,55.40,40.81,15406,64.08,47.20
2021/09/20,中城村,22046,12129,10428,55.02,47.30,18694,64.88,55.78
2021/09/20,西原町,35454,22685,18586,63.98,52.42,30945,73.31,60.06
2021/09/20,与那原町,20117,11371,9736,56.52,48.40,17022,66.80,57.20
2021/09/20,南風原町,40375,21685,16735,53.71,41.45,33604,64.53,49.80
2021/09/20,渡嘉敷村,718,491,472,68.38,65.74,614,79.97,76.87
2021/09/20,座間味村,897,644,635,71.79,70.79,776,82.99,81.83
2021/09/20,粟国村,684,506,487,73.98,71.20,623,81.22,78.17
2021/09/20,渡名喜村,342,276,268,80.70,78.36,320,86.25,83.75
2021/09/20,南大東村,1224,939,928,76.72,75.82,1066,88.09,87.05
2021/09/20,北大東村,561,426,418,75.94,74.51,480,88.75,87.08
2021/09/20,伊平屋村,1200,928,916,77.33,76.33,1059,87.63,86.50
2021/09/20,伊是名村,1322,1012,881,76.55,66.64,1152,87.85,76.48
2021/09/20,久米島町,7652,5881,5718,76.86,74.73,6793,86.57,84.17
2021/09/20,八重瀬町,31882,16168,12567,50.71,39.42,26879,60.15,46.75
2021/09/20,多良間村,1091,900,863,82.49,79.10,981,91.74,87.97
2021/09/20,竹富町,4262,2904,2764,68.14,64.85,3677,78.98,75.17
2021/09/20,与那国町,1680,1080,1058,64.29,62.98,1441,74.95,73.42
